[{"model": "contenttypes.contenttype", "pk": 1, "fields": {"app_label": "admin", "model": "logentry"}}, {"model": "contenttypes.contenttype", "pk": 2, "fields": {"app_label": "auth", "model": "permission"}}, {"model": "contenttypes.contenttype", "pk": 3, "fields": {"app_label": "auth", "model": "group"}}, {"model": "contenttypes.contenttype", "pk": 4, "fields": {"app_label": "auth", "model": "user"}}, {"model": "contenttypes.contenttype", "pk": 5, "fields": {"app_label": "contenttypes", "model": "contenttype"}}, {"model": "contenttypes.contenttype", "pk": 6, "fields": {"app_label": "sessions", "model": "session"}}, {"model": "contenttypes.contenttype", "pk": 7, "fields": {"app_label": "blog", "model": "blog"}}, {"model": "contenttypes.contenttype", "pk": 8, "fields": {"app_label": "blog", "model": "blogtype"}}, {"model": "contenttypes.contenttype", "pk": 9, "fields": {"app_label": "read_statistics", "model": "readdetail"}}, {"model": "contenttypes.contenttype", "pk": 10, "fields": {"app_label": "read_statistics", "model": "readnum"}}, {"model": "contenttypes.contenttype", "pk": 11, "fields": {"app_label": "read_statistics", "model": "read_num"}}, {"model": "contenttypes.contenttype", "pk": 12, "fields": {"app_label": "MyStatistics", "model": "readnum"}}, {"model": "contenttypes.contenttype", "pk": 13, "fields": {"app_label": "MyStatistics", "model": "readdetail"}}, {"model": "contenttypes.contenttype", "pk": 14, "fields": {"app_label": "comment", "model": "comment"}}, {"model": "contenttypes.contenttype", "pk": 15, "fields": {"app_label": "movieIntroduce", "model": "goodmovie"}}, {"model": "contenttypes.contenttype", "pk": 16, "fields": {"app_label": "movieIntroduce", "model": "jsonmovie"}}, {"model": "sessions.session", "pk": "2vur2vdr3umypcghv97p3e7339wttk8y", "fields": {"session_data": "NTM4NTkzM2ZkMzk1ZDhjYTE5MGQ5YjNlNzFjNzQ1MjNmMjI2MzZiNDp7fQ==", "expire_date": "2019-06-01T13:26:14.983Z"}}, {"model": "sessions.session", "pk": "2ys6bm36e9r4ibsjd8s7fv1cskajy26y", "fields": {"session_data": "ZGI0OWJhYzI4ZDgwZTEyZDFkMjJkMWYyYTlmNmI3YWZhMWVkZDBkOTp7Il9hdXRoX3VzZXJfaWQiOiI2IiwiX2F1dGhfdXNlcl9iYWNrZW5kIjoiZGphbmdvLmNvbnRyaWIuYXV0aC5iYWNrZW5kcy5Nb2RlbEJhY2tlbmQiLCJfYXV0aF91c2VyX2hhc2giOiI3OGYwZjdhMTMwMWJkZjkxMWUzMmE0MDIzM2UxNDM4ZGVmMTU2M2I2In0=", "expire_date": "2019-07-01T10:12:11.532Z"}}, {"model": "sessions.session", "pk": "3n3zuq7coac3ooaca2eidhps911e24en", "fields": {"session_data": "ODQzZGE1ZTQ0YmVjZWQzMTZmMDRhOTVkNWNiMGQzZThjOGRhNWU0YTp7Il9hdXRoX3VzZXJfaWQiOiIyIiwiX2F1dGhfdXNlcl9iYWNrZW5kIjoiZGphbmdvLmNvbnRyaWIuYXV0aC5iYWNrZW5kcy5Nb2RlbEJhY2tlbmQiLCJfYXV0aF91c2VyX2hhc2giOiI1OWUwODBiY2YwNzM5ZTdkZWIwN2U0YTg1Y2Y2OTE1M2Y5MWE2ZmYxIn0=", "expire_date": "2019-06-30T11:40:12.588Z"}}, {"model": "sessions.session", "pk": "4vd4jm3vgco81e4yyyql5jxdro3g49o3", "fields": {"session_data": "NTM4NTkzM2ZkMzk1ZDhjYTE5MGQ5YjNlNzFjNzQ1MjNmMjI2MzZiNDp7fQ==", "expire_date": "2019-06-01T09:13:03.186Z"}}, {"model": "sessions.session", "pk": "7bghiw2q7oam6ecgartynlazlrws4zla", "fields": {"session_data": "NTM4NTkzM2ZkMzk1ZDhjYTE5MGQ5YjNlNzFjNzQ1MjNmMjI2MzZiNDp7fQ==", "expire_date": "2019-06-01T09:15:53.788Z"}}, {"model": "sessions.session", "pk": "9l5f46ub3bubzaohgac3r4v9hia2ji18", "fields": {"session_data": "ODQzZGE1ZTQ0YmVjZWQzMTZmMDRhOTVkNWNiMGQzZThjOGRhNWU0YTp7Il9hdXRoX3VzZXJfaWQiOiIyIiwiX2F1dGhfdXNlcl9iYWNrZW5kIjoiZGphbmdvLmNvbnRyaWIuYXV0aC5iYWNrZW5kcy5Nb2RlbEJhY2tlbmQiLCJfYXV0aF91c2VyX2hhc2giOiI1OWUwODBiY2YwNzM5ZTdkZWIwN2U0YTg1Y2Y2OTE1M2Y5MWE2ZmYxIn0=", "expire_date": "2019-06-01T09:16:06.663Z"}}, {"model": "sessions.session", "pk": "dkz3ub73fzb47gxivvtiiijkciqm18lu", "fields": {"session_data": "NTM4NTkzM2ZkMzk1ZDhjYTE5MGQ5YjNlNzFjNzQ1MjNmMjI2MzZiNDp7fQ==", "expire_date": "2019-06-01T10:22:32.411Z"}}, {"model": "sessions.session", "pk": "f81vnusdlxflb145j91tguxrunarl9td", "fields": {"session_data": "NTM4NTkzM2ZkMzk1ZDhjYTE5MGQ5YjNlNzFjNzQ1MjNmMjI2MzZiNDp7fQ==", "expire_date": "2019-06-01T12:53:10.130Z"}}, {"model": "sessions.session", "pk": "j4elj2bxf0zrizrmcmzml8biw5k0e9nm", "fields": {"session_data": "NTM4NTkzM2ZkMzk1ZDhjYTE5MGQ5YjNlNzFjNzQ1MjNmMjI2MzZiNDp7fQ==", "expire_date": "2019-06-01T09:15:23.230Z"}}, {"model": "sessions.session", "pk": "kslvlmz2uh7u4qwozzz40mx1i4vd803k", "fields": {"session_data": "ZTg2NmFjNmNiY2RiNWE4Mjc5Yzk5MTI0MzI3MzAyY2JiMTY1ZDA5Yjp7Il9hdXRoX3VzZXJfaWQiOiIxIiwiX2F1dGhfdXNlcl9iYWNrZW5kIjoiZGphbmdvLmNvbnRyaWIuYXV0aC5iYWNrZW5kcy5Nb2RlbEJhY2tlbmQiLCJfYXV0aF91c2VyX2hhc2giOiI5N2RhMzk4YTFkMmFkMTQ3OGI4NjI5MTEzNmQ5OGFlNWJiZDA0Y2Q3In0=", "expire_date": "2019-05-27T14:56:54.995Z"}}, {"model": "sessions.session", "pk": "l88nar51snlesun2lb0vga6kn91izf85", "fields": {"session_data": "NTM4NTkzM2ZkMzk1ZDhjYTE5MGQ5YjNlNzFjNzQ1MjNmMjI2MzZiNDp7fQ==", "expire_date": "2019-06-01T09:15:01.549Z"}}, {"model": "sessions.session", "pk": "p8bvdb54zds5ewrvz7nb89lvlugru0zw", "fields": {"session_data": "NTM4NTkzM2ZkMzk1ZDhjYTE5MGQ5YjNlNzFjNzQ1MjNmMjI2MzZiNDp7fQ==", "expire_date": "2019-06-01T13:26:53.786Z"}}, {"model": "sessions.session", "pk": "vfriy7x1ukf8nuyfl39g48eh59tq1lul", "fields": {"session_data": "NTM4NTkzM2ZkMzk1ZDhjYTE5MGQ5YjNlNzFjNzQ1MjNmMjI2MzZiNDp7fQ==", "expire_date": "2019-06-01T09:13:25.743Z"}}, {"model": "sessions.session", "pk": "wozj7csp9rhzhlt8kmy3mc2ojom7d8wr", "fields": {"session_data": "ODQzZGE1ZTQ0YmVjZWQzMTZmMDRhOTVkNWNiMGQzZThjOGRhNWU0YTp7Il9hdXRoX3VzZXJfaWQiOiIyIiwiX2F1dGhfdXNlcl9iYWNrZW5kIjoiZGphbmdvLmNvbnRyaWIuYXV0aC5iYWNrZW5kcy5Nb2RlbEJhY2tlbmQiLCJfYXV0aF91c2VyX2hhc2giOiI1OWUwODBiY2YwNzM5ZTdkZWIwN2U0YTg1Y2Y2OTE1M2Y5MWE2ZmYxIn0=", "expire_date": "2019-06-04T12:48:36.625Z"}}, {"model": "sessions.session", "pk": "xe4yxfljlf2dlb0udp7tkv6xfxfb3qw0", "fields": {"session_data": "NTM4NTkzM2ZkMzk1ZDhjYTE5MGQ5YjNlNzFjNzQ1MjNmMjI2MzZiNDp7fQ==", "expire_date": "2019-06-01T08:42:41.094Z"}}, {"model": "sessions.session", "pk": "yucwp410ek045acmut6u0vo4ww5wtkd4", "fields": {"session_data": "NTM4NTkzM2ZkMzk1ZDhjYTE5MGQ5YjNlNzFjNzQ1MjNmMjI2MzZiNDp7fQ==", "expire_date": "2019-06-01T09:23:24.996Z"}}, {"model": "blog.blogtype", "pk": 1, "fields": {"type_name": "娱乐休闲"}}, {"model": "blog.blogtype", "pk": 2, "fields": {"type_name": "教育频道"}}, {"model": "blog.blogtype", "pk": 3, "fields": {"type_name": "电子竞技"}}, {"model": "MyStatistics.readnum", "pk": 1, "fields": {"read_num": 29, "content_type": 7, "object_id": 1}}, {"model": "MyStatistics.readnum", "pk": 2, "fields": {"read_num": 18, "content_type": 7, "object_id": 4}}, {"model": "MyStatistics.readnum", "pk": 3, "fields": {"read_num": 12, "content_type": 7, "object_id": 2}}, {"model": "MyStatistics.readnum", "pk": 4, "fields": {"read_num": 9, "content_type": 7, "object_id": 3}}, {"model": "MyStatistics.readnum", "pk": 5, "fields": {"read_num": 19, "content_type": 7, "object_id": 5}}, {"model": "MyStatistics.readnum", "pk": 6, "fields": {"read_num": 21, "content_type": 7, "object_id": 6}}, {"model": "MyStatistics.readnum", "pk": 7, "fields": {"read_num": 8, "content_type": 7, "object_id": 7}}, {"model": "MyStatistics.readdetail", "pk": 1, "fields": {"date": "2019-05-16", "read_num": 4, "content_type": 7, "object_id": 1}}, {"model": "MyStatistics.readdetail", "pk": 2, "fields": {"date": "2019-05-17", "read_num": 2, "content_type": 7, "object_id": 5}}, {"model": "MyStatistics.readdetail", "pk": 3, "fields": {"date": "2019-05-17", "read_num": 2, "content_type": 7, "object_id": 4}}, {"model": "MyStatistics.readdetail", "pk": 4, "fields": {"date": "2019-05-17", "read_num": 2, "content_type": 7, "object_id": 6}}, {"model": "MyStatistics.readdetail", "pk": 5, "fields": {"date": "2019-05-15", "read_num": 20, "content_type": 7, "object_id": 2}}, {"model": "MyStatistics.readdetail", "pk": 6, "fields": {"date": "2019-05-14", "read_num": 16, "content_type": 7, "object_id": 3}}, {"model": "MyStatistics.readdetail", "pk": 7, "fields": {"date": "2019-05-17", "read_num": 1, "content_type": 7, "object_id": 1}}, {"model": "MyStatistics.readdetail", "pk": 8, "fields": {"date": "2019-05-17", "read_num": 1, "content_type": 7, "object_id": 2}}, {"model": "MyStatistics.readdetail", "pk": 9, "fields": {"date": "2019-05-17", "read_num": 1, "content_type": 7, "object_id": 3}}, {"model": "MyStatistics.readdetail", "pk": 10, "fields": {"date": "2019-05-18", "read_num": 2, "content_type": 7, "object_id": 3}}, {"model": "MyStatistics.readdetail", "pk": 11, "fields": {"date": "2019-05-18", "read_num": 5, "content_type": 7, "object_id": 6}}, {"model": "MyStatistics.readdetail", "pk": 12, "fields": {"date": "2019-05-18", "read_num": 4, "content_type": 7, "object_id": 5}}, {"model": "MyStatistics.readdetail", "pk": 13, "fields": {"date": "2019-05-18", "read_num": 11, "content_type": 7, "object_id": 1}}, {"model": "MyStatistics.readdetail", "pk": 14, "fields": {"date": "2019-05-18", "read_num": 2, "content_type": 7, "object_id": 2}}, {"model": "MyStatistics.readdetail", "pk": 15, "fields": {"date": "2019-05-18", "read_num": 4, "content_type": 7, "object_id": 4}}, {"model": "MyStatistics.readdetail", "pk": 16, "fields": {"date": "2019-05-19", "read_num": 2, "content_type": 7, "object_id": 6}}, {"model": "MyStatistics.readdetail", "pk": 17, "fields": {"date": "2019-05-19", "read_num": 1, "content_type": 7, "object_id": 2}}, {"model": "MyStatistics.readdetail", "pk": 18, "fields": {"date": "2019-05-19", "read_num": 1, "content_type": 7, "object_id": 4}}, {"model": "MyStatistics.readdetail", "pk": 19, "fields": {"date": "2019-05-19", "read_num": 1, "content_type": 7, "object_id": 5}}, {"model": "MyStatistics.readdetail", "pk": 20, "fields": {"date": "2019-05-19", "read_num": 1, "content_type": 7, "object_id": 3}}, {"model": "MyStatistics.readdetail", "pk": 21, "fields": {"date": "2019-05-19", "read_num": 2, "content_type": 7, "object_id": 1}}, {"model": "MyStatistics.readdetail", "pk": 22, "fields": {"date": "2019-05-21", "read_num": 1, "content_type": 7, "object_id": 1}}, {"model": "MyStatistics.readdetail", "pk": 23, "fields": {"date": "2019-05-22", "read_num": 2, "content_type": 7, "object_id": 6}}, {"model": "MyStatistics.readdetail", "pk": 24, "fields": {"date": "2019-05-22", "read_num": 1, "content_type": 7, "object_id": 4}}, {"model": "MyStatistics.readdetail", "pk": 25, "fields": {"date": "2019-05-22", "read_num": 2, "content_type": 7, "object_id": 5}}, {"model": "MyStatistics.readdetail", "pk": 26, "fields": {"date": "2019-05-22", "read_num": 1, "content_type": 7, "object_id": 2}}, {"model": "MyStatistics.readdetail", "pk": 27, "fields": {"date": "2019-05-22", "read_num": 2, "content_type": 7, "object_id": 1}}, {"model": "MyStatistics.readdetail", "pk": 28, "fields": {"date": "2019-06-15", "read_num": 2, "content_type": 7, "object_id": 4}}, {"model": "MyStatistics.readdetail", "pk": 29, "fields": {"date": "2019-06-15", "read_num": 2, "content_type": 7, "object_id": 2}}, {"model": "MyStatistics.readdetail", "pk": 30, "fields": {"date": "2019-06-15", "read_num": 2, "content_type": 7, "object_id": 3}}, {"model": "MyStatistics.readdetail", "pk": 31, "fields": {"date": "2019-06-15", "read_num": 2, "content_type": 7, "object_id": 1}}, {"model": "MyStatistics.readdetail", "pk": 32, "fields": {"date": "2019-06-15", "read_num": 2, "content_type": 7, "object_id": 6}}, {"model": "MyStatistics.readdetail", "pk": 33, "fields": {"date": "2019-06-15", "read_num": 2, "content_type": 7, "object_id": 5}}, {"model": "MyStatistics.readdetail", "pk": 34, "fields": {"date": "2019-06-16", "read_num": 3, "content_type": 7, "object_id": 6}}, {"model": "MyStatistics.readdetail", "pk": 35, "fields": {"date": "2019-06-16", "read_num": 3, "content_type": 7, "object_id": 4}}, {"model": "MyStatistics.readdetail", "pk": 36, "fields": {"date": "2019-06-16", "read_num": 4, "content_type": 7, "object_id": 5}}, {"model": "MyStatistics.readdetail", "pk": 37, "fields": {"date": "2019-06-16", "read_num": 3, "content_type": 7, "object_id": 1}}, {"model": "MyStatistics.readdetail", "pk": 38, "fields": {"date": "2019-06-16", "read_num": 3, "content_type": 7, "object_id": 2}}, {"model": "MyStatistics.readdetail", "pk": 39, "fields": {"date": "2019-06-16", "read_num": 1, "content_type": 7, "object_id": 3}}, {"model": "MyStatistics.readdetail", "pk": 40, "fields": {"date": "2019-06-16", "read_num": 4, "content_type": 7, "object_id": 7}}, {"model": "MyStatistics.readdetail", "pk": 41, "fields": {"date": "2019-06-17", "read_num": 3, "content_type": 7, "object_id": 7}}, {"model": "MyStatistics.readdetail", "pk": 42, "fields": {"date": "2019-06-17", "read_num": 4, "content_type": 7, "object_id": 6}}, {"model": "MyStatistics.readdetail", "pk": 43, "fields": {"date": "2019-06-17", "read_num": 3, "content_type": 7, "object_id": 4}}, {"model": "MyStatistics.readdetail", "pk": 44, "fields": {"date": "2019-06-17", "read_num": 3, "content_type": 7, "object_id": 5}}, {"model": "MyStatistics.readdetail", "pk": 45, "fields": {"date": "2019-06-17", "read_num": 3, "content_type": 7, "object_id": 1}}, {"model": "MyStatistics.readdetail", "pk": 46, "fields": {"date": "2019-06-17", "read_num": 1, "content_type": 7, "object_id": 2}}, {"model": "MyStatistics.readdetail", "pk": 47, "fields": {"date": "2019-06-17", "read_num": 1, "content_type": 7, "object_id": 3}}, {"model": "MyStatistics.readdetail", "pk": 48, "fields": {"date": "2019-06-18", "read_num": 1, "content_type": 7, "object_id": 7}}, {"model": "MyStatistics.readdetail", "pk": 49, "fields": {"date": "2019-06-18", "read_num": 1, "content_type": 7, "object_id": 6}}, {"model": "MyStatistics.readdetail", "pk": 50, "fields": {"date": "2019-06-18", "read_num": 1, "content_type": 7, "object_id": 4}}, {"model": "MyStatistics.readdetail", "pk": 51, "fields": {"date": "2019-06-18", "read_num": 1, "content_type": 7, "object_id": 5}}, {"model": "MyStatistics.readdetail", "pk": 52, "fields": {"date": "2019-06-18", "read_num": 2, "content_type": 7, "object_id": 1}}, {"model": "movieIntroduce.goodmovie", "pk": 1, "fields": {"title": "\n绿皮书\n/绿簿旅友(港)/幸福绿皮书(台)\n", "introduce": "2018-09-11(多伦多电影节) / 2018-11-16(美国) / 2019-03-01(中国大陆) / 维果·莫腾森 / 马赫沙拉·阿里 / 琳达·卡德里尼 / 塞巴斯蒂安·马尼斯科 / 迪米特·D·马里诺夫 / 迈克·哈顿 / P·J·伯恩 / 乔·柯蒂斯 / 玛姬·尼克松 / 冯·刘易斯 / 乔恩·索特兰...", "score": "8.9", "image": "movie_images/0.jpg"}}, {"model": "movieIntroduce.goodmovie", "pk": 2, "fields": {"title": "\n我们\n/我们·异(港)\n", "introduce": "2019-03-08(西南偏南电影节) / 2019-03-22(美国) / 露皮塔·尼永奥 / 温斯顿·杜克 / 伊丽莎白·莫斯 / 蒂姆·海德克 / 莎哈迪·赖特·约瑟夫 / 伊万·艾利克斯 / 叶海亚·阿卜杜勒-迈丁 / 安娜·迪奥普 / 卡莉·谢尔顿 / 诺尔·谢尔顿 / 麦迪逊·柯里...", "score": "6.6", "image": "movie_images/1.jpg"}}, {"model": "movieIntroduce.goodmovie", "pk": 3, "fields": {"title": "\n行骗天下：运势篇\n/信用诈欺师JP：运势篇\n", "introduce": "2019-05-18(日本) / 长泽雅美 / 东出昌大 / 小日向文世 / 小手伸也 / 织田梨沙 / 北村一辉 / 广末凉子 / 中山美穗 / 日本 / 田中亮 / 105分钟 / 行骗天下：运势篇 / 剧情 / 喜剧 / 古泽良太 Ryota Kosawa / 日语", "score": "8.4", "image": "movie_images/2.jpg"}}, {"model": "movieIntroduce.goodmovie", "pk": 4, "fields": {"title": "\n风中有朵雨做的云\n/地狱恋人/地狱情人\n", "introduce": "2018-11-09(台北金马影展) / 2019-04-04(中国大陆) / 井柏然 / 宋佳 / 马思纯 / 秦昊 / 陈妍希 / 张颂文 / 陈冠希 / 颜卓灵 / 王维申 / 胡伶 / 黄伊凡 / 陈伟榕 / 单宝中 / 梁致力 / 罗义民 / 郭佳 / 牛钸斯 / 姜昕 / 中国大陆 / 娄烨 / 124分钟(中国大陆)...", "score": "7.3", "image": "movie_images/3.jpg"}}, {"model": "movieIntroduce.goodmovie", "pk": 5, "fields": {"title": "\n比悲伤更悲伤的故事\n/MoreThanBlue\n", "introduce": "2018-11-30(台湾) / 2019-03-14(中国大陆) / 陈意涵 / 刘以豪 / 张书豪 / 陈庭妮 / 吴映洁 / 禾浩辰 / 游大庆 / 石知田 / 黄丽玲 / 姚爱宁 / 张允曦 / 海芬 / 台湾 / 林孝谦 / 105分钟 / 比悲伤更悲伤的故事 / 爱情 / 吕安弦 Lungshi Lü / 汉语普通话", "score": "4.8", "image": "movie_images/4.jpg"}}, {"model": "movieIntroduce.goodmovie", "pk": 6, "fields": {"title": "\n疾速备战\n/疾速追杀3/疾速逃亡\n", "introduce": "2019-05-17(美国) / 基努·里维斯 / 哈莉·贝瑞 / 劳伦斯·菲什伯恩 / 安杰丽卡·休斯顿 / 伊恩·麦柯肖恩 / 真田广之 / 马克·达卡斯考斯 / 艾莎·凯特·狄龙 / 兰斯·莱迪克 / 萨伊德·塔格马奥 / 杰罗姆·弗林 / 杰森·曼兹沃克斯 / 托拜厄斯·西格尔...", "score": "8.1", "image": "movie_images/5.jpg"}}, {"model": "movieIntroduce.goodmovie", "pk": 7, "fields": {"title": "\n驯龙高手3\n/驯龙记3(港)/驯龙高手3：隐秘的世界\n", "introduce": "2019-01-03(澳大利亚) / 2019-02-22(美国) / 2019-03-01(中国大陆) / 杰伊·巴鲁切尔 / 亚美莉卡·费雷拉 / F·默里·亚伯拉罕 / 凯特·布兰切特 / 杰拉德·巴特勒 / 克雷格·费格森 / 乔纳·希尔 / 克里斯托夫·梅兹-普莱瑟 / 克里斯汀·韦格 / 基特·哈灵顿...", "score": "7.5", "image": "movie_images/6.jpg"}}, {"model": "movieIntroduce.goodmovie", "pk": 8, "fields": {"title": "\n如影随心\n/可遇可求/Lostinlove\n", "introduce": "2019-04-19(中国大陆) / 陈晓 / 杜鹃 / 王嘉 / 马苏 / 华少 / 谢依霖 / 关晓彤 / 高晓攀 / 赵震 / 庞奕欣 / 侯佳伟 / 王毅凡 / 冯波 / 林佳仪  / 孙毓晗 / 柯蓝 / 中国大陆 / 霍建起 / 96分钟 / 剧情 / 爱情 / 霍建起 Jianqi Huo / 汉语普通话", "score": "4.7", "image": "movie_images/7.jpg"}}, {"model": "movieIntroduce.goodmovie", "pk": 9, "fields": {"title": "\n撞死了一只羊\n/Jinpa\n", "introduce": "2018-09-04(威尼斯电影节) / 2019-04-26(中国大陆) / 金巴 / 更登彭措 / 索朗旺姆 / 中国大陆 / 万玛才旦 / 87分钟 / 剧情 / 万玛才旦 Pema Tseden / 藏语", "score": "7.2", "image": "movie_images/8.jpg"}}, {"model": "movieIntroduce.goodmovie", "pk": 10, "fields": {"title": "\n过春天\n/分隔线/佩佩\n", "introduce": "2018-09-08(多伦多电影节) / 2019-03-15(中国大陆) / 黄尧 / 孙阳 / 汤加文 / 倪虹洁 / 江美仪 / 廖启智 / 焦刚 / 陈健朗 / 中国大陆 / 白雪 / 99分钟 / 剧情 / 白雪 Xue Bai / 林美如 Meiru Lin / 汉语普通话 / 粤语", "score": "7.8", "image": "movie_images/9.jpg"}}, {"model": "movieIntroduce.jsonmovie", "pk": 437, "fields": {"title": "映前解析《流浪地球》 中国科幻电影最大的一次冒险", "url": "http://www.1905.com/video/play/1348081.shtml", "image": "json_images/2019-01-31.jpg", "period": "2019-01-31期"}}, {"model": "movieIntroduce.jsonmovie", "pk": 438, "fields": {"title": "映前解析《飞驰人生》 能否赢在“春节档”起跑线上？", "url": "http://www.1905.com/video/play/1348000.shtml", "image": "json_images/2019-01-30.jpg", "period": "2019-01-30期"}}, {"model": "movieIntroduce.jsonmovie", "pk": 439, "fields": {"title": "映前解析《疯狂的外星人》 能否带来春节档的疯狂？", "url": "http://www.1905.com/video/play/1347706.shtml", "image": "json_images/2019-01-29.jpg", "period": "2019-01-29期"}}, {"model": "movieIntroduce.jsonmovie", "pk": 440, "fields": {"title": "《死侍2：我爱我家》为春节档暖场 “话痨”英雄魅力何在？", "url": "http://www.1905.com/video/play/1347230.shtml", "image": "json_images/2019-01-28.jpg", "period": "2019-01-28期"}}, {"model": "movieIntroduce.jsonmovie", "pk": 441, "fields": {"title": "“麦庄”重拳出击春节档 《廉政风云》能否另辟蹊径？", "url": "http://www.1905.com/video/play/1346607.shtml", "image": "json_images/2019-01-25.jpg", "period": "2019-01-25期"}}, {"model": "movieIntroduce.jsonmovie", "pk": 442, "fields": {"title": "《新喜剧之王》回归本心 “粗制滥造”的预告片是障眼法吗？", "url": "http://www.1905.com/video/play/1346529.shtml", "image": "json_images/2019-01-24.jpg", "period": "2019-01-24期"}}, {"model": "movieIntroduce.jsonmovie", "pk": 443, "fields": {"title": "《战斗民族养成记》应景又应情 教如何“拜见岳父大人”", "url": "http://www.1905.com/video/play/1345987.shtml", "image": "json_images/2019-01-23.jpg", "period": "2019-01-23期"}}, {"model": "movieIntroduce.jsonmovie", "pk": 444, "fields": {"title": "《掠食城市》战斗场面值回票价 燃料不足还需加把火", "url": "http://www.1905.com/video/play/1345719.shtml", "image": "json_images/2019-01-22.jpg", "period": "2019-01-22期"}}, {"model": "movieIntroduce.jsonmovie", "pk": 445, "fields": {"title": "《密室逃生》一起破解谜题 似曾相识却又新意满满", "url": "http://www.1905.com/video/play/1345337.shtml", "image": "json_images/2019-01-21.jpg", "period": "2019-01-21期"}}, {"model": "movieIntroduce.jsonmovie", "pk": 446, "fields": {"title": "独家解析《养家之人》传递出怎样的人文关怀？", "url": "http://www.1905.com/video/play/1344772.shtml", "image": "json_images/2019-01-18.jpg", "period": "2019-01-18期"}}, {"model": "movieIntroduce.jsonmovie", "pk": 447, "fields": {"title": "《白蛇：缘起》独家解析 畅聊白娘子和许仙的前世今生", "url": "http://www.1905.com/video/play/1344456.shtml", "image": "json_images/2019-01-17.jpg", "period": "2019-01-17期"}}, {"model": "movieIntroduce.jsonmovie", "pk": 448, "fields": {"title": "这里的警察不太冷！《“大”人物》打开警察形象新大门", "url": "http://www.1905.com/video/play/1344134.shtml", "image": "json_images/2019-01-16.jpg", "period": "2019-01-16期"}}, {"model": "movieIntroduce.jsonmovie", "pk": 449, "fields": {"title": "《中国推销员》李东学化身打不死的小强 用力过猛略显遗憾", "url": "http://www.1905.com/video/play/1343783.shtml", "image": "json_images/2019-01-15.jpg", "period": "2019-01-15期"}}, {"model": "movieIntroduce.jsonmovie", "pk": 450, "fields": {"title": "《奎迪：英雄再起》独家解析 走进电影史上的拳击传奇", "url": "http://www.1905.com/video/play/1343358.shtml", "image": "json_images/2019-01-14.jpg", "period": "2019-01-14期"}}, {"model": "movieIntroduce.jsonmovie", "pk": 451, "fields": {"title": "寒假档“动画电影大礼包”拆解：不再是孩子们的专利", "url": "http://www.1905.com/video/play/1342695.shtml", "image": "json_images/2019-01-11.jpg", "period": "2019-01-11期"}}, {"model": "movieIntroduce.jsonmovie", "pk": 452, "fields": {"title": "《四个春天》用影像记录生活 让平凡日子开出花", "url": "http://www.1905.com/video/play/1342238.shtml", "image": "json_images/2019-01-10.jpg", "period": "2019-01-10期"}}, {"model": "movieIntroduce.jsonmovie", "pk": 453, "fields": {"title": "“葛大爷”的新尝试有点跑偏 小岳岳醉酒卖海豚莫名其妙", "url": "http://www.1905.com/video/play/1341894.shtml", "image": "json_images/2019-01-09.jpg", "period": "2019-01-09期"}}, {"model": "movieIntroduce.jsonmovie", "pk": 454, "fields": {"title": "《地球最后的夜晚》选错档期？ 好坏定论还需留给时间", "url": "http://www.1905.com/video/play/1341548.shtml", "image": "json_images/2019-01-08.jpg", "period": "2019-01-08期"}}, {"model": "movieIntroduce.jsonmovie", "pk": 455, "fields": {"title": "《来电狂响》不止是电影 还有隐藏在手机中的啼笑人生", "url": "http://www.1905.com/video/play/1341280.shtml", "image": "json_images/2019-01-07.jpg", "period": "2019-01-07期"}}, {"model": "movieIntroduce.jsonmovie", "pk": 456, "fields": {"title": "2018中国电影年度调查报告 用数据洞悉中国电影市场发展", "url": "http://www.1905.com/video/play/1340475.shtml", "image": "json_images/2019-01-04.jpg", "period": "2019-01-04期"}}, {"model": "movieIntroduce.jsonmovie", "pk": 457, "fields": {"title": "《大黄蜂》伴你同行 “改头换面”之后还你真童年", "url": "http://www.1905.com/video/play/1340054.shtml", "image": "json_images/2019-01-03.jpg", "period": "2019-01-03期"}}, {"model": "movieIntroduce.jsonmovie", "pk": 458, "fields": {"title": "2019春节档喜剧电影仍占主力 科幻电影异军突起", "url": "http://www.1905.com/video/play/1339755.shtml", "image": "json_images/2019-01-02.jpg", "period": "2019-01-02期"}}, {"model": "movieIntroduce.jsonmovie", "pk": 459, "fields": {"title": "如果把生活比作电影 你会给2018年取一个什么片名呢？", "url": "http://www.1905.com/video/play/1339447.shtml", "image": "json_images/2019-01-01.jpg", "period": "2019-01-01期"}}, {"model": "movieIntroduce.jsonmovie", "pk": 460, "fields": {"title": "开启2019中国电影新篇章 期待在光影的高原上有多高峰挺立", "url": "http://www.1905.com/video/play/1339563.shtml", "image": "json_images/2019-01-01.jpg", "period": "2019-01-01期"}}, {"model": "movieIntroduce.jsonmovie", "pk": 461, "fields": {"title": "《驯龙高手3》：如何用他国文化为好莱坞“带货”？", "url": "http://www.1905.com/video/play/1353336.shtml", "image": "json_images/2019-02-28.jpg", "period": "2019-02-28期"}}, {"model": "movieIntroduce.jsonmovie", "pk": 462, "fields": {"title": "《惊奇队长》变“惊奇大妈”？ 这次漫威就是要给你不一样", "url": "http://www.1905.com/video/play/1353027.shtml", "image": "json_images/2019-02-27.jpg", "period": "2019-02-27期"}}, {"model": "movieIntroduce.jsonmovie", "pk": 463, "fields": {"title": "扶贫纪录片《三变山变》如何拉近与青年观众的距离？", "url": "http://www.1905.com/video/play/1352885.shtml", "image": "json_images/2019-02-26.jpg", "period": "2019-02-26期"}}, {"model": "movieIntroduce.jsonmovie", "pk": 464, "fields": {"title": "《绿皮书》缘何打败《罗马》成为奥斯卡最后赢家？", "url": "http://www.1905.com/video/play/1352495.shtml", "image": "json_images/2019-02-25.jpg", "period": "2019-02-25期"}}, {"model": "movieIntroduce.jsonmovie", "pk": 465, "fields": {"title": "《流浪地球》过后 我们距离《三体》究竟有多远？", "url": "http://www.1905.com/video/play/1351906.shtml", "image": "json_images/2019-02-22.jpg", "period": "2019-02-22期"}}, {"model": "movieIntroduce.jsonmovie", "pk": 466, "fields": {"title": "《朝花夕誓》不只是二次元 突破局限才能不被埋没", "url": "http://www.1905.com/video/play/1351132.shtml", "image": "json_images/2019-02-21.jpg", "period": "2019-02-21期"}}, {"model": "movieIntroduce.jsonmovie", "pk": 467, "fields": {"title": "《阿丽塔：战斗天使》能否燃爆市场？ 女版孙悟空受期待", "url": "http://www.1905.com/video/play/1351146.shtml", "image": "json_images/2019-02-20.jpg", "period": "2019-02-20期"}}, {"model": "movieIntroduce.jsonmovie", "pk": 468, "fields": {"title": "透过春节档看中国科幻片如何在科技助力下高速腾飞？", "url": "http://www.1905.com/video/play/1350981.shtml", "image": "json_images/2019-02-19.jpg", "period": "2019-02-19期"}}, {"model": "movieIntroduce.jsonmovie", "pk": 469, "fields": {"title": "短视频营销别“玩”过了 货不对板当心出现反作用", "url": "http://www.1905.com/video/play/1350730.shtml", "image": "json_images/2019-02-18.jpg", "period": "2019-02-18期"}}, {"model": "movieIntroduce.jsonmovie", "pk": 470, "fields": {"title": "《飞驰人生》客观试驾 用真实的速度展现热血的故事", "url": "http://www.1905.com/video/play/1350274.shtml", "image": "json_images/2019-02-15.jpg", "period": "2019-02-15期"}}, {"model": "movieIntroduce.jsonmovie", "pk": 471, "fields": {"title": "情人节观影指南：看这些电影是找糖吃还是找罪受？", "url": "http://www.1905.com/video/play/1350011.shtml", "image": "json_images/2019-02-14.jpg", "period": "2019-02-14期"}}, {"model": "movieIntroduce.jsonmovie", "pk": 472, "fields": {"title": "《小猪佩奇过大年》解析 带您重新认识佩奇和它的家人们", "url": "http://www.1905.com/video/play/1349814.shtml", "image": "json_images/2019-02-13.jpg", "period": "2019-02-13期"}}, {"model": "movieIntroduce.jsonmovie", "pk": 473, "fields": {"title": "从中国功夫到世界先生 成龙如何得到了世界认可？", "url": "http://www.1905.com/video/play/1349522.shtml", "image": "json_images/2019-02-12.jpg", "period": "2019-02-12期"}}, {"model": "movieIntroduce.jsonmovie", "pk": 474, "fields": {"title": "三探《神探蒲松龄》 电影顽童成龙重焕经典玩出古装新花样", "url": "http://www.1905.com/video/play/1349341.shtml", "image": "json_images/2019-02-11.jpg", "period": "2019-02-11期"}}, {"model": "movieIntroduce.jsonmovie", "pk": 475, "fields": {"title": "独家解析《流浪地球》中国表达带给科幻的独特情怀", "url": "http://www.1905.com/video/play/1348999.shtml", "image": "json_images/2019-02-08.jpg", "period": "2019-02-08期"}}, {"model": "movieIntroduce.jsonmovie", "pk": 476, "fields": {"title": "鄂靖文带您解析《新喜剧之王》 经典回归背后的意义和探索", "url": "http://www.1905.com/video/play/1348939.shtml", "image": "json_images/2019-02-07.jpg", "period": "2019-02-07期"}}, {"model": "movieIntroduce.jsonmovie", "pk": 477, "fields": {"title": "与韩寒一起开启飞驰之旅 解读《飞驰人生》何以驰骋春节档", "url": "http://www.1905.com/video/play/1348890.shtml", "image": "json_images/2019-02-06.jpg", "period": "2019-02-06期"}}, {"model": "movieIntroduce.jsonmovie", "pk": 478, "fields": {"title": "《疯狂的外星人》映后解读 宁浩带您亲密接触外星人", "url": "http://www.1905.com/video/play/1348043.shtml", "image": "json_images/2019-02-05.jpg", "period": "2019-02-05期"}}, {"model": "movieIntroduce.jsonmovie", "pk": 479, "fields": {"title": "2019新春电影年夜饭品鉴：繁花似锦 百花盛开", "url": "http://www.1905.com/video/play/1348589.shtml", "image": "json_images/2019-02-04.jpg", "period": "2019-02-04期"}}, {"model": "movieIntroduce.jsonmovie", "pk": 480, "fields": {"title": "映前解析《神探蒲松龄》 新鲜元素重塑经典助力团圆年", "url": "http://www.1905.com/video/play/1348041.shtml", "image": "json_images/2019-02-01.jpg", "period": "2019-02-01期"}}, {"model": "movieIntroduce.jsonmovie", "pk": 481, "fields": {"title": "独家解析《小飞象》：当迪士尼童话遇到蒂姆·波顿", "url": "http://www.1905.com/video/play/1361711.shtml", "image": "json_images/2019-03-29.jpg", "period": "2019-03-29期"}}, {"model": "movieIntroduce.jsonmovie", "pk": 482, "fields": {"title": "中国银幕上映外片为何总有时差？解读批片市场“众生相”", "url": "http://www.1905.com/video/play/1361339.shtml", "image": "json_images/2019-03-28.jpg", "period": "2019-03-28期"}}, {"model": "movieIntroduce.jsonmovie", "pk": 483, "fields": {"title": "《波西米亚狂想曲》大奖拿不停 却为何依旧争议颇多？", "url": "http://www.1905.com/video/play/1361180.shtml", "image": "json_images/2019-03-28.jpg", "period": "2019-03-28期"}}, {"model": "movieIntroduce.jsonmovie", "pk": 484, "fields": {"title": "《地久天长》没有热映却引来热议的原因在哪儿？", "url": "http://www.1905.com/video/play/1360541.shtml", "image": "json_images/2019-03-26.jpg", "period": "2019-03-26期"}}, {"model": "movieIntroduce.jsonmovie", "pk": 485, "fields": {"title": "教你手撕“冒牌”经纪团队 营造良性行业氛围", "url": "http://www.1905.com/video/play/1360281.shtml", "image": "json_images/2019-03-25.jpg", "period": "2019-03-25期"}}, {"model": "movieIntroduce.jsonmovie", "pk": 486, "fields": {"title": "数据造假现象肆虐 影视行业何时能“脱水”？", "url": "http://www.1905.com/video/play/1359576.shtml", "image": "json_images/2019-03-22.jpg", "period": "2019-03-22期"}}, {"model": "movieIntroduce.jsonmovie", "pk": 487, "fields": {"title": "独家解析《阳台上》到底是不是一部“圈钱”的电影？", "url": "http://www.1905.com/video/play/1359339.shtml", "image": "json_images/2019-03-21.jpg", "period": "2019-03-21期"}}, {"model": "movieIntroduce.jsonmovie", "pk": 488, "fields": {"title": "独家解析：《流浪地球》的视觉特效能值多少票房？", "url": "http://www.1905.com/video/play/1358632.shtml", "image": "json_images/2019-03-20.jpg", "period": "2019-03-20期"}}, {"model": "movieIntroduce.jsonmovie", "pk": 489, "fields": {"title": "走一趟真的能够荡涤灵魂？ 电影人请你放过西藏景区", "url": "http://www.1905.com/video/play/1358246.shtml", "image": "json_images/2019-03-19.jpg", "period": "2019-03-19期"}}, {"model": "movieIntroduce.jsonmovie", "pk": 490, "fields": {"title": "认认真真活自己 演员撕掉“人设”还剩下什么？", "url": "http://www.1905.com/video/play/1357988.shtml", "image": "json_images/2019-03-18.jpg", "period": "2019-03-18期"}}, {"model": "movieIntroduce.jsonmovie", "pk": 491, "fields": {"title": "关注全国“两会” 探讨新时代中国电影人如何凝心聚力举旗帜", "url": "http://www.1905.com/video/play/1357272.shtml", "image": "json_images/2019-03-15.jpg", "period": "2019-03-15期"}}, {"model": "movieIntroduce.jsonmovie", "pk": 492, "fields": {"title": "关注全国“两会” 冯远征为中国电影“兴文化”发声", "url": "http://www.1905.com/video/play/1356875.shtml", "image": "json_images/2019-03-14.jpg", "period": "2019-03-14期"}}, {"model": "movieIntroduce.jsonmovie", "pk": 493, "fields": {"title": "关注全国“两会” 导演管虎为中国电影创作建言献策", "url": "http://www.1905.com/video/play/1356563.shtml", "image": "json_images/2019-03-13.jpg", "period": "2019-03-13期"}}, {"model": "movieIntroduce.jsonmovie", "pk": 494, "fields": {"title": "关注全国“两会” 中国电影的行业规范需进一步完善管理机制", "url": "http://www.1905.com/video/play/1356250.shtml", "image": "json_images/2019-03-12.jpg", "period": "2019-03-12期"}}, {"model": "movieIntroduce.jsonmovie", "pk": 495, "fields": {"title": "关注全国“两会” 委员成龙分享电影人的扶贫心得", "url": "http://www.1905.com/video/play/1356105.shtml", "image": "json_images/2019-03-12.jpg", "period": "2019-03-12期"}}, {"model": "movieIntroduce.jsonmovie", "pk": 496, "fields": {"title": "关注全国“两会” 探讨新时代下的中国电影评论", "url": "http://www.1905.com/video/play/1355074.shtml", "image": "json_images/2019-03-07.jpg", "period": "2019-03-07期"}}, {"model": "movieIntroduce.jsonmovie", "pk": 497, "fields": {"title": "关注全国“两会” 如何通过电影提升国家文化软实力", "url": "http://www.1905.com/video/play/1354721.shtml", "image": "json_images/2019-03-06.jpg", "period": "2019-03-06期"}}, {"model": "movieIntroduce.jsonmovie", "pk": 498, "fields": {"title": "关注全国“两会” 探讨中国电影如何提升国际影响力", "url": "http://www.1905.com/video/play/1354427.shtml", "image": "json_images/2019-03-05.jpg", "period": "2019-03-05期"}}, {"model": "movieIntroduce.jsonmovie", "pk": 499, "fields": {"title": "关注全国“两会” 探讨“新时代电影”的发展方向", "url": "http://www.1905.com/video/play/1354115.shtml", "image": "json_images/2019-03-04.jpg", "period": "2019-03-04期"}}, {"model": "movieIntroduce.jsonmovie", "pk": 500, "fields": {"title": "两会前夕全国电影工作座谈会召开 传递出哪些重要信号", "url": "http://www.1905.com/video/play/1353648.shtml", "image": "json_images/2019-03-01.jpg", "period": "2019-03-01期"}}, {"model": "movieIntroduce.jsonmovie", "pk": 501, "fields": {"title": "“我的老片库”之归档 “六公主”那么多宝藏电影如何快速查找", "url": "http://www.1905.com/video/play/1371963.shtml", "image": "json_images/2019-04-30.jpg", "period": "2019-04-30期"}}, {"model": "movieIntroduce.jsonmovie", "pk": 502, "fields": {"title": "“我的老片库”之缘起 “六公主”的那些宝藏电影都是怎么来的？", "url": "http://www.1905.com/video/play/1371599.shtml", "image": "json_images/2019-04-29.jpg", "period": "2019-04-29期"}}, {"model": "movieIntroduce.jsonmovie", "pk": 503, "fields": {"title": "《雪暴》剧本有何魅力可以集结张震、廖凡、黄觉齐加盟？", "url": "http://www.1905.com/video/play/1370759.shtml", "image": "json_images/2019-04-26.jpg", "period": "2019-04-26期"}}, {"model": "movieIntroduce.jsonmovie", "pk": 504, "fields": {"title": "“复联4”作为漫威影业旧系列的终结与新系列的开始意义何在？", "url": "http://www.1905.com/video/play/1370523.shtml", "image": "json_images/2019-04-26.jpg", "period": "2019-04-26期"}}, {"model": "movieIntroduce.jsonmovie", "pk": 505, "fields": {"title": "专业电影翻译人带你从全新的视角解读《复仇者联盟》", "url": "http://www.1905.com/video/play/1370186.shtml", "image": "json_images/2019-04-25.jpg", "period": "2019-04-25期"}}, {"model": "movieIntroduce.jsonmovie", "pk": 506, "fields": {"title": "《撞死了一只羊》有何底气正面冲撞《复仇者联盟4：终局之战》？", "url": "http://www.1905.com/video/play/1369632.shtml", "image": "json_images/2019-04-23.jpg", "period": "2019-04-23期"}}, {"model": "movieIntroduce.jsonmovie", "pk": 507, "fields": {"title": "聊聊第九届北京国际电影节的“家·国”情怀", "url": "http://www.1905.com/video/play/1369485.shtml", "image": "json_images/2019-04-22.jpg", "period": "2019-04-22期"}}, {"model": "movieIntroduce.jsonmovie", "pk": 508, "fields": {"title": "“北京大妞”不端着 北京国际电影节竟是这种人设？", "url": "http://www.1905.com/video/play/1368644.shtml", "image": "json_images/2019-04-20.jpg", "period": "2019-04-20期"}}, {"model": "movieIntroduce.jsonmovie", "pk": 509, "fields": {"title": "独家解析《狗眼看人心》带给观众怎样的思考？", "url": "http://www.1905.com/video/play/1368110.shtml", "image": "json_images/2019-04-18.jpg", "period": "2019-04-18期"}}, {"model": "movieIntroduce.jsonmovie", "pk": 510, "fields": {"title": "《如影随心》关照现实生活 主角名字暗藏玄机等你揭晓", "url": "http://www.1905.com/video/play/1367762.shtml", "image": "json_images/2019-04-17.jpg", "period": "2019-04-17期"}}, {"model": "movieIntroduce.jsonmovie", "pk": 511, "fields": {"title": "第九届北影节为什么会选择《音乐家》作为开幕影片？", "url": "http://www.1905.com/video/play/1367521.shtml", "image": "json_images/2019-04-16.jpg", "period": "2019-04-16期"}}, {"model": "movieIntroduce.jsonmovie", "pk": 512, "fields": {"title": "当“黑洞”遇上“脑洞” 科幻电影可以怎么拍？", "url": "http://www.1905.com/video/play/1367173.shtml", "image": "json_images/2019-04-15.jpg", "period": "2019-04-15期"}}, {"model": "movieIntroduce.jsonmovie", "pk": 513, "fields": {"title": "“AI换脸”技术来了别担心 常用美颜、滤镜更安全", "url": "http://www.1905.com/video/play/1366451.shtml", "image": "json_images/2019-04-12.jpg", "period": "2019-04-12期"}}, {"model": "movieIntroduce.jsonmovie", "pk": 514, "fields": {"title": "《调音师》解析 由短片改编成电影是否走了捷径？", "url": "http://www.1905.com/video/play/1366086.shtml", "image": "json_images/2019-04-11.jpg", "period": "2019-04-11期"}}, {"model": "movieIntroduce.jsonmovie", "pk": 515, "fields": {"title": "透过《反贪风暴4》看系列港片如何延续竞争力", "url": "http://www.1905.com/video/play/1365732.shtml", "image": "json_images/2019-04-10.jpg", "period": "2019-04-10期"}}, {"model": "movieIntroduce.jsonmovie", "pk": 516, "fields": {"title": "《海市蜃楼》破谜案 通过道具解锁导演的小心思", "url": "http://www.1905.com/video/play/1365425.shtml", "image": "json_images/2019-04-09.jpg", "period": "2019-04-09期"}}, {"model": "movieIntroduce.jsonmovie", "pk": 517, "fields": {"title": "《麦兜我和我妈妈》重映记 除了感动还有什么？", "url": "http://www.1905.com/video/play/1364584.shtml", "image": "json_images/2019-04-08.jpg", "period": "2019-04-08期"}}, {"model": "movieIntroduce.jsonmovie", "pk": 518, "fields": {"title": "清明节缅怀英烈铭记历史 如何在光影中传承英雄精神？", "url": "http://www.1905.com/video/play/1364017.shtml", "image": "json_images/2019-04-06.jpg", "period": "2019-04-06期"}}, {"model": "movieIntroduce.jsonmovie", "pk": 519, "fields": {"title": "从《人间·喜剧》出发看喜剧电影究竟该如何营销？", "url": "http://www.1905.com/video/play/1363586.shtml", "image": "json_images/2019-04-04.jpg", "period": "2019-04-04期"}}, {"model": "movieIntroduce.jsonmovie", "pk": 520, "fields": {"title": "用光影向消防队员致敬 作为电影人还能为英雄做些什么？", "url": "http://www.1905.com/video/play/1363308.shtml", "image": "json_images/2019-04-03.jpg", "period": "2019-04-03期"}}, {"model": "movieIntroduce.jsonmovie", "pk": 521, "fields": {"title": "在国产青春片不被看好的当下 《老师·好》如何成功逆袭？", "url": "http://www.1905.com/video/play/1362850.shtml", "image": "json_images/2019-04-02.jpg", "period": "2019-04-02期"}}, {"model": "movieIntroduce.jsonmovie", "pk": 522, "fields": {"title": "《比悲伤更悲伤的故事》好在哪儿 “鸡精汤”怎样才能更高级？", "url": "http://www.1905.com/video/play/1362721.shtml", "image": "json_images/2019-04-01.jpg", "period": "2019-04-01期"}}, {"model": "movieIntroduce.jsonmovie", "pk": 523, "fields": {"title": "职场电影缺席市场的背后：为何国内职场电影与实际相去甚远？", "url": "http://www.1905.com/video/play/1380379.shtml", "image": "json_images/2019-05-31.jpg", "period": "2019-05-31期"}}, {"model": "movieIntroduce.jsonmovie", "pk": 524, "fields": {"title": "浅评《大大哒》：当美被他人严格定义，快乐终将成为伪命题", "url": "http://www.1905.com/video/play/1379872.shtml", "image": "json_images/2019-05-30.jpg", "period": "2019-05-30期"}}, {"model": "movieIntroduce.jsonmovie", "pk": 525, "fields": {"title": "当五月天走上影院银幕：是青春的出口，也是文化的记载传递", "url": "http://www.1905.com/video/play/1379620.shtml", "image": "json_images/2019-05-29.jpg", "period": "2019-05-29期"}}, {"model": "movieIntroduce.jsonmovie", "pk": 526, "fields": {"title": "当动漫成为文化潮流：35年《龙珠》，背后是两代人的青春", "url": "http://www.1905.com/video/play/1379258.shtml", "image": "json_images/2019-05-28.jpg", "period": "2019-05-28期"}}, {"model": "movieIntroduce.jsonmovie", "pk": 527, "fields": {"title": "刘昊然《双生》口碑遇冷？大胆创新的背后，是亟待完善的细节", "url": "http://www.1905.com/video/play/1378930.shtml", "image": "json_images/2019-05-27.jpg", "period": "2019-05-27期"}}, {"model": "movieIntroduce.jsonmovie", "pk": 528, "fields": {"title": "解析《企鹅公路》的多种解读 如何带您找回童年感觉？", "url": "http://www.1905.com/video/play/1378430.shtml", "image": "json_images/2019-05-25.jpg", "period": "2019-05-25期"}}, {"model": "movieIntroduce.jsonmovie", "pk": 529, "fields": {"title": "落下帷幕的影视周：文明大会盛况空前，博采众长方能携伴而行", "url": "http://www.1905.com/video/play/1378026.shtml", "image": "json_images/2019-05-23.jpg", "period": "2019-05-23期"}}, {"model": "movieIntroduce.jsonmovie", "pk": 530, "fields": {"title": "亚洲文明对话大会：思维碰撞文化互鉴，挑战与机遇并行", "url": "http://www.1905.com/video/play/1377746.shtml", "image": "json_images/2019-05-22.jpg", "period": "2019-05-22期"}}, {"model": "movieIntroduce.jsonmovie", "pk": 531, "fields": {"title": "从《海蒂和爷爷》看隔代亲：爱非溺爱，陪伴沟通架构亲子桥梁", "url": "http://www.1905.com/video/play/1377523.shtml", "image": "json_images/2019-05-21.jpg", "period": "2019-05-21期"}}, {"model": "movieIntroduce.jsonmovie", "pk": 532, "fields": {"title": "经久不衰的老电影：英雄史诗永不褪色，经典堪为时代赞歌", "url": "http://www.1905.com/video/play/1377231.shtml", "image": "json_images/2019-05-20.jpg", "period": "2019-05-20期"}}, {"model": "movieIntroduce.jsonmovie", "pk": 533, "fields": {"title": "聚焦亚洲影视周：贾樟柯领衔电影大师对话，群贤毕至异彩纷呈", "url": "http://www.1905.com/video/play/1376604.shtml", "image": "json_images/2019-05-17.jpg", "period": "2019-05-17期"}}, {"model": "movieIntroduce.jsonmovie", "pk": 534, "fields": {"title": "聚焦2019亚洲电影展：佳片云集文明互鉴，共筑亚洲命运共同体", "url": "http://www.1905.com/video/play/1376280.shtml", "image": "json_images/2019-05-16.jpg", "period": "2019-05-16期"}}, {"model": "movieIntroduce.jsonmovie", "pk": 535, "fields": {"title": "聚焦“亚洲影视周”：文明与时偕行，商业文艺共发展", "url": "http://www.1905.com/video/play/1375943.shtml", "image": "json_images/2019-05-15.jpg", "period": "2019-05-15期"}}, {"model": "movieIntroduce.jsonmovie", "pk": 536, "fields": {"title": "《周恩来回延安》前瞻：伟人贴近生活，平实的表现感人至深", "url": "http://www.1905.com/video/play/1375515.shtml", "image": "json_images/2019-05-14.jpg", "period": "2019-05-14期"}}, {"model": "movieIntroduce.jsonmovie", "pk": 537, "fields": {"title": "浅评《罗马》：科幻导演拍出家庭片，何以成为奖项收割机？", "url": "http://www.1905.com/video/play/1375294.shtml", "image": "json_images/2019-05-14.jpg", "period": "2019-05-14期"}}, {"model": "movieIntroduce.jsonmovie", "pk": 538, "fields": {"title": "金砖五国合作《半边天》 如何用电影为女性发声？", "url": "http://www.1905.com/video/play/1374579.shtml", "image": "json_images/2019-05-11.jpg", "period": "2019-05-11期"}}, {"model": "movieIntroduce.jsonmovie", "pk": 539, "fields": {"title": "京剧重获新生？专家带你解读京剧电影《进京城》的价值与意义", "url": "http://www.1905.com/video/play/1374357.shtml", "image": "json_images/2019-05-09.jpg", "period": "2019-05-09期"}}, {"model": "movieIntroduce.jsonmovie", "pk": 540, "fields": {"title": "从《港珠澳大桥》看纪录片中国化：国之重器，巧夺天工", "url": "http://www.1905.com/video/play/1374067.shtml", "image": "json_images/2019-05-08.jpg", "period": "2019-05-08期"}}, {"model": "movieIntroduce.jsonmovie", "pk": 541, "fields": {"title": "12岁男孩为何状告父母？《何以为家》带你走近你不愿相信的真实", "url": "http://www.1905.com/video/play/1373522.shtml", "image": "json_images/2019-05-07.jpg", "period": "2019-05-07期"}}, {"model": "movieIntroduce.jsonmovie", "pk": 542, "fields": {"title": "法律给盗版电影一个说法：做盗版，你的未来就是进监狱", "url": "http://www.1905.com/video/play/1373269.shtml", "image": "json_images/2019-05-06.jpg", "period": "2019-05-06期"}}, {"model": "movieIntroduce.jsonmovie", "pk": 543, "fields": {"title": "“我的老片库”之使命 “六公主”坚守电影人光影初心", "url": "http://www.1905.com/video/play/1371947.shtml", "image": "json_images/2019-05-03.jpg", "period": "2019-05-03期"}}, {"model": "movieIntroduce.jsonmovie", "pk": 544, "fields": {"title": "“我的老片库”之修复 “六公主”助影迷感受电影魅力", "url": "http://www.1905.com/video/play/1371974.shtml", "image": "json_images/2019-05-02.jpg", "period": "2019-05-02期"}}, {"model": "movieIntroduce.jsonmovie", "pk": 545, "fields": {"title": "“我的老片库”之保存 “六公主”的电影磁带都放哪了？", "url": "http://www.1905.com/video/play/1371936.shtml", "image": "json_images/2019-05-01.jpg", "period": "2019-05-01期"}}, {"model": "auth.permission", "pk": 1, "fields": {"name": "Can add log entry", "content_type": 1, "codename": "add_logentry"}}, {"model": "auth.permission", "pk": 2, "fields": {"name": "Can change log entry", "content_type": 1, "codename": "change_logentry"}}, {"model": "auth.permission", "pk": 3, "fields": {"name": "Can delete log entry", "content_type": 1, "codename": "delete_logentry"}}, {"model": "auth.permission", "pk": 4, "fields": {"name": "Can view log entry", "content_type": 1, "codename": "view_logentry"}}, {"model": "auth.permission", "pk": 5, "fields": {"name": "Can add permission", "content_type": 2, "codename": "add_permission"}}, {"model": "auth.permission", "pk": 6, "fields": {"name": "Can change permission", "content_type": 2, "codename": "change_permission"}}, {"model": "auth.permission", "pk": 7, "fields": {"name": "Can delete permission", "content_type": 2, "codename": "delete_permission"}}, {"model": "auth.permission", "pk": 8, "fields": {"name": "Can view permission", "content_type": 2, "codename": "view_permission"}}, {"model": "auth.permission", "pk": 9, "fields": {"name": "Can add group", "content_type": 3, "codename": "add_group"}}, {"model": "auth.permission", "pk": 10, "fields": {"name": "Can change group", "content_type": 3, "codename": "change_group"}}, {"model": "auth.permission", "pk": 11, "fields": {"name": "Can delete group", "content_type": 3, "codename": "delete_group"}}, {"model": "auth.permission", "pk": 12, "fields": {"name": "Can view group", "content_type": 3, "codename": "view_group"}}, {"model": "auth.permission", "pk": 13, "fields": {"name": "Can add user", "content_type": 4, "codename": "add_user"}}, {"model": "auth.permission", "pk": 14, "fields": {"name": "Can change user", "content_type": 4, "codename": "change_user"}}, {"model": "auth.permission", "pk": 15, "fields": {"name": "Can delete user", "content_type": 4, "codename": "delete_user"}}, {"model": "auth.permission", "pk": 16, "fields": {"name": "Can view user", "content_type": 4, "codename": "view_user"}}, {"model": "auth.permission", "pk": 17, "fields": {"name": "Can add content type", "content_type": 5, "codename": "add_contenttype"}}, {"model": "auth.permission", "pk": 18, "fields": {"name": "Can change content type", "content_type": 5, "codename": "change_contenttype"}}, {"model": "auth.permission", "pk": 19, "fields": {"name": "Can delete content type", "content_type": 5, "codename": "delete_contenttype"}}, {"model": "auth.permission", "pk": 20, "fields": {"name": "Can view content type", "content_type": 5, "codename": "view_contenttype"}}, {"model": "auth.permission", "pk": 21, "fields": {"name": "Can add session", "content_type": 6, "codename": "add_session"}}, {"model": "auth.permission", "pk": 22, "fields": {"name": "Can change session", "content_type": 6, "codename": "change_session"}}, {"model": "auth.permission", "pk": 23, "fields": {"name": "Can delete session", "content_type": 6, "codename": "delete_session"}}, {"model": "auth.permission", "pk": 24, "fields": {"name": "Can view session", "content_type": 6, "codename": "view_session"}}, {"model": "auth.permission", "pk": 25, "fields": {"name": "Can add blog", "content_type": 7, "codename": "add_blog"}}, {"model": "auth.permission", "pk": 26, "fields": {"name": "Can change blog", "content_type": 7, "codename": "change_blog"}}, {"model": "auth.permission", "pk": 27, "fields": {"name": "Can delete blog", "content_type": 7, "codename": "delete_blog"}}, {"model": "auth.permission", "pk": 28, "fields": {"name": "Can view blog", "content_type": 7, "codename": "view_blog"}}, {"model": "auth.permission", "pk": 29, "fields": {"name": "Can add blog type", "content_type": 8, "codename": "add_blogtype"}}, {"model": "auth.permission", "pk": 30, "fields": {"name": "Can change blog type", "content_type": 8, "codename": "change_blogtype"}}, {"model": "auth.permission", "pk": 31, "fields": {"name": "Can delete blog type", "content_type": 8, "codename": "delete_blogtype"}}, {"model": "auth.permission", "pk": 32, "fields": {"name": "Can view blog type", "content_type": 8, "codename": "view_blogtype"}}, {"model": "auth.permission", "pk": 33, "fields": {"name": "Can add read detail", "content_type": 9, "codename": "add_readdetail"}}, {"model": "auth.permission", "pk": 34, "fields": {"name": "Can change read detail", "content_type": 9, "codename": "change_readdetail"}}, {"model": "auth.permission", "pk": 35, "fields": {"name": "Can delete read detail", "content_type": 9, "codename": "delete_readdetail"}}, {"model": "auth.permission", "pk": 36, "fields": {"name": "Can view read detail", "content_type": 9, "codename": "view_readdetail"}}, {"model": "auth.permission", "pk": 37, "fields": {"name": "Can add read num", "content_type": 10, "codename": "add_readnum"}}, {"model": "auth.permission", "pk": 38, "fields": {"name": "Can change read num", "content_type": 10, "codename": "change_readnum"}}, {"model": "auth.permission", "pk": 39, "fields": {"name": "Can delete read num", "content_type": 10, "codename": "delete_readnum"}}, {"model": "auth.permission", "pk": 40, "fields": {"name": "Can view read num", "content_type": 10, "codename": "view_readnum"}}, {"model": "auth.permission", "pk": 41, "fields": {"name": "Can add read_ num", "content_type": 11, "codename": "add_read_num"}}, {"model": "auth.permission", "pk": 42, "fields": {"name": "Can change read_ num", "content_type": 11, "codename": "change_read_num"}}, {"model": "auth.permission", "pk": 43, "fields": {"name": "Can delete read_ num", "content_type": 11, "codename": "delete_read_num"}}, {"model": "auth.permission", "pk": 44, "fields": {"name": "Can view read_ num", "content_type": 11, "codename": "view_read_num"}}, {"model": "auth.permission", "pk": 45, "fields": {"name": "Can add read num", "content_type": 12, "codename": "add_readnum"}}, {"model": "auth.permission", "pk": 46, "fields": {"name": "Can change read num", "content_type": 12, "codename": "change_readnum"}}, {"model": "auth.permission", "pk": 47, "fields": {"name": "Can delete read num", "content_type": 12, "codename": "delete_readnum"}}, {"model": "auth.permission", "pk": 48, "fields": {"name": "Can view read num", "content_type": 12, "codename": "view_readnum"}}, {"model": "auth.permission", "pk": 49, "fields": {"name": "Can add read detail", "content_type": 13, "codename": "add_readdetail"}}, {"model": "auth.permission", "pk": 50, "fields": {"name": "Can change read detail", "content_type": 13, "codename": "change_readdetail"}}, {"model": "auth.permission", "pk": 51, "fields": {"name": "Can delete read detail", "content_type": 13, "codename": "delete_readdetail"}}, {"model": "auth.permission", "pk": 52, "fields": {"name": "Can view read detail", "content_type": 13, "codename": "view_readdetail"}}, {"model": "auth.permission", "pk": 53, "fields": {"name": "Can add comment", "content_type": 14, "codename": "add_comment"}}, {"model": "auth.permission", "pk": 54, "fields": {"name": "Can change comment", "content_type": 14, "codename": "change_comment"}}, {"model": "auth.permission", "pk": 55, "fields": {"name": "Can delete comment", "content_type": 14, "codename": "delete_comment"}}, {"model": "auth.permission", "pk": 56, "fields": {"name": "Can view comment", "content_type": 14, "codename": "view_comment"}}, {"model": "auth.permission", "pk": 57, "fields": {"name": "Can add good movie", "content_type": 15, "codename": "add_goodmovie"}}, {"model": "auth.permission", "pk": 58, "fields": {"name": "Can change good movie", "content_type": 15, "codename": "change_goodmovie"}}, {"model": "auth.permission", "pk": 59, "fields": {"name": "Can delete good movie", "content_type": 15, "codename": "delete_goodmovie"}}, {"model": "auth.permission", "pk": 60, "fields": {"name": "Can view good movie", "content_type": 15, "codename": "view_goodmovie"}}, {"model": "auth.permission", "pk": 61, "fields": {"name": "Can add json movie", "content_type": 16, "codename": "add_jsonmovie"}}, {"model": "auth.permission", "pk": 62, "fields": {"name": "Can change json movie", "content_type": 16, "codename": "change_jsonmovie"}}, {"model": "auth.permission", "pk": 63, "fields": {"name": "Can delete json movie", "content_type": 16, "codename": "delete_jsonmovie"}}, {"model": "auth.permission", "pk": 64, "fields": {"name": "Can view json movie", "content_type": 16, "codename": "view_jsonmovie"}}, {"model": "auth.user", "pk": 1, "fields": {"password": "pbkdf2_sha256$150000$SaaLkhN0kqnA$96O2Z2GqhSwLnpa92xMUVQO/AGo6Bi1hA9Tm3r3LOxI=", "last_login": "2019-05-19T02:25:38.655Z", "is_superuser": true, "username": "Lhc", "first_name": "", "last_name": "", "email": "", "is_staff": true, "is_active": true, "date_joined": "2019-05-13T14:52:25.377Z", "groups": [], "user_permissions": []}}, {"model": "auth.user", "pk": 2, "fields": {"password": "pbkdf2_sha256$150000$d3pBkCk9nLLR$JXjU5dbE4d9Eb+SNXQW8f01RxSvirF/+ckp0ijJ4KkU=", "last_login": "2019-06-17T13:06:55.065Z", "is_superuser": true, "username": "linhaichao", "first_name": "", "last_name": "", "email": "", "is_staff": true, "is_active": true, "date_joined": "2019-05-15T16:21:12.580Z", "groups": [], "user_permissions": []}}, {"model": "auth.user", "pk": 5, "fields": {"password": "pbkdf2_sha256$150000$CdVNiDzUkxh7$LrNFoQ1zqFAvqlj96plmUMPhfRZVLufCd9D74kNbPPU=", "last_login": "2019-05-18T14:07:53.222Z", "is_superuser": false, "username": "caixukun3", "first_name": "", "last_name": "", "email": "kunkun@qq.com", "is_staff": false, "is_active": true, "date_joined": "2019-05-18T10:33:56.731Z", "groups": [], "user_permissions": []}}, {"model": "auth.user", "pk": 6, "fields": {"password": "pbkdf2_sha256$150000$eQ9r593xulMx$ltfuYYbvHNmJNuuixB1N07p8ozr/FHoFh4kLHdDYS2s=", "last_login": "2019-06-17T10:12:11.361Z", "is_superuser": false, "username": "蔡徐坤我老公", "first_name": "", "last_name": "", "email": "CXKLoveyou@163.com", "is_staff": false, "is_active": true, "date_joined": "2019-05-19T01:07:18.051Z", "groups": [], "user_permissions": []}}, {"model": "auth.user", "pk": 7, "fields": {"password": "pbkdf2_sha256$150000$LffPQchwOwZQ$Kh8WcXbBpXyMAfMXWh/OHsMquHd68+PONZxfGdYwKvQ=", "last_login": "2019-05-19T06:35:39.836Z", "is_superuser": false, "username": "caixukun", "first_name": "", "last_name": "", "email": "happycai@qq.com", "is_staff": false, "is_active": true, "date_joined": "2019-05-19T06:35:39.081Z", "groups": [], "user_permissions": []}}, {"model": "auth.user", "pk": 8, "fields": {"password": "pbkdf2_sha256$150000$2XWiWSo4jsPX$fNpXKG/VVeXxO1c0o+SOQWtOCfAew8Fe3uHQoqBwtxE=", "last_login": "2019-05-19T08:06:23.699Z", "is_superuser": false, "username": "蔡徐坤我老婆", "first_name": "", "last_name": "", "email": "happykun@qq.com", "is_staff": false, "is_active": true, "date_joined": "2019-05-19T08:06:22.993Z", "groups": [], "user_permissions": []}}, {"model": "blog.blog", "pk": 1, "fields": {"title": "蔡徐坤邀你打篮球", "content": "<p>全民制作人们，大家好，我是练习时长两年半的个人练习生蔡徐坤，喜欢唱、跳、Rap、篮球，Muisc~</p>\r\n\r\n<p><img alt=\"\" src=\"/media/upload/2019/05/16/default.gif\" style=\"height:224px; width:224px\" /></p>", "author": 1, "blog_type": 1, "create_time": "2019-05-13T15:00:00Z", "image": "blog_images/kunkun.jpg"}}, {"model": "blog.blog", "pk": 2, "fields": {"title": "蔡徐坤粉丝退B站，B站网友拍手称快！", "content": "<p>蔡徐坤粉丝退B站怎么回事？</p>\r\n\r\n<p>偶像练习生出道的人气偶像蔡徐坤打篮球视频被众多博主恶意剪辑，做成了鬼畜视频。蔡徐坤方随后向b站寄出律师函，控诉此次恶意行为，b站虽然及时作出了回应但并未针对此行为道歉。此举激怒了蔡徐坤方粉丝，随后蔡徐坤粉丝官微宣布退出b站，并表示关于蔡徐坤的各种视频永远都不会再更新。本人还没有出来回应，粉丝倒是先坐不住了，这是明确抵制B站。</p>\r\n\r\n<p>b站关于蔡徐坤鬼畜视频的确不少，粉丝表示属于严重侮辱行为，但部分网友表示这只是一种二次元文化而已，双方各执一词。当初就连成龙大哥都有鬼畜视频《我的洗发水》，还有许多明星都是在B站有着不少的&ldquo;鬼畜视频&rdquo;，张家辉，黎耀祥等等明星对于这些&ldquo;鬼畜&rdquo;视频都是没什么意见，只要观众粉丝们开心就好！</p>\r\n\r\n<p><img alt=\"\" src=\"/media/upload/2019/05/18/caixukun.jpg\" style=\"height:350px; width:350px\" /></p>", "author": 1, "blog_type": 1, "create_time": "2019-05-13T15:00:00Z", "image": "blog_images/caixukun.jpg"}}, {"model": "blog.blog", "pk": 3, "fields": {"title": "Django学习之redirect", "content": "<p>用django实现redirect的几种方法总结：</p>\r\n\r\n<p>用django开发web应用, 经常会遇到从一个旧的url转向一个新的url。这种隐射也许有规则，也许没有。但都是为了实现业务的需要。总体说来，有如下几种方法实现 django的 redirect。<br />\r\n1. 在url 中配置 redirect_to 或者 RedirectView（django 1.3 版本以上）<br />\r\n2. 在view 中 通过 HttpResponseRedirect 实现 redirect</p>\r\n\r\n<p>3. 利用 django 的 redirects app实现</p>\r\n\r\n<p>&nbsp;</p>", "author": 1, "blog_type": 2, "create_time": "2019-05-13T15:00:00Z", "image": "blog_images/django_redirect.JPG"}}, {"model": "blog.blog", "pk": 4, "fields": {"title": "Django学习之模板页的应用", "content": "<p>当我们html页面越来越多的时候，会有相当一部分代码都相似，这时候可以应用继承母板页的方法，使得代码量简介而清爽<img alt=\"cheeky\" src=\"http://127.0.0.1:8000/static/ckeditor/ckeditor/plugins/smiley/images/tongue_smile.png\" style=\"height:23px; width:23px\" title=\"cheeky\" /></p>\r\n\r\n<p>使用方法：</p>\r\n\r\n<p>1.创建一个&quot;base.html&quot;,写上公共部分的代码，然后在需要特定添加内容弄的地方设置{%block 区域名%}{% endblock %}</p>\r\n\r\n<p>2.重新创建一个html,通过{% extends &quot;base.html&quot; %}引用刚才的母板页，然后在通过区域名进行内容的填充</p>\r\n\r\n<p>没错，就是这么简单！<img alt=\"wink\" src=\"http://127.0.0.1:8000/static/ckeditor/ckeditor/plugins/smiley/images/wink_smile.png\" style=\"height:23px; width:23px\" title=\"wink\" /></p>", "author": 1, "blog_type": 2, "create_time": "2019-05-14T03:31:00Z", "image": "blog_images/django_extends.JPG"}}, {"model": "blog.blog", "pk": 5, "fields": {"title": "SKT失去幸运女神眷顾，大魔王C不动了", "content": "<p>Bo5一直以来是衡量一支队伍实力的标准，与Bo1的一锤定音，Bo3的针锋相对不同，</p>\r\n\r\n<p>Bo5考验的不仅有队伍的实力，心态调整、版本理解、队内氛围等缺一不可。FW曾被称为&ldquo;Bo1之王&rdquo;，</p>\r\n\r\n<p>但这支队伍几乎从未登上过世界级强队的行列。</p>\r\n\r\n<p>SKT战队作为LOL历史上唯一一支三冠王队伍，在对阵G2前Bo5决胜局之前，SKT的胜率胜率达到了恐怖的82%，仅输掉过两场比赛。</p>\r\n\r\n<p><img alt=\"\" src=\"/media/upload/2019/05/18/faker2.jpg\" style=\"height:350px; width:550px\" /></p>\r\n\r\n<p>&nbsp;</p>\r\n\r\n<p>在季中冠军赛上SKT虽然前半段表现低迷，但在后半段再度展现出自己极强的统治力，将iG战队的完美9连胜悍然打破。</p>\r\n\r\n<p>但与iG战队类似，SKT在本次季中冠军赛的道路仅此为止了，G2战队展现出自己&ldquo;赛场艺术家&rdquo;的实力与套路，</p>\r\n\r\n<p>用完美的黑科技阵容与赛场决策将SKT的崛起之路彻底击碎。</p>\r\n\r\n<p>曾经的荣誉已成过眼云烟，在世界赛上SKT的统治力也远没有此前那么强势。</p>\r\n\r\n<p>Faker也已然是英雄垂暮，大魔王在赛场上无力回天，却再没有人来拉他一把。</p>", "author": 1, "blog_type": 3, "create_time": "2019-05-14T03:31:00Z", "image": "blog_images/faker2.jpg"}}, {"model": "blog.blog", "pk": 6, "fields": {"title": "ig不败金身被破-SKT国内粉丝陷入狂欢！", "content": "<p>5月14日，这天是MSI季中冠军赛小组赛的最后一天，咱们LPL的队伍iG战队虽然是已经确定小组第一出线，</p>\r\n\r\n<p>但是大家都期待iG能全胜的姿态挺进淘汰赛，很可惜的是，在最后对阵SKT的比赛中，</p>\r\n\r\n<p>以人头比18-4的比分输给了SKT，而Faker的瑞兹拿下本场MVP<img alt=\"yes\" src=\"http://127.0.0.1:8000/static/ckeditor/ckeditor/plugins/smiley/images/thumbs_up.png\" style=\"height:23px; width:23px\" title=\"yes\" /></p>\r\n\r\n<p>&nbsp;</p>\r\n\r\n<p><img alt=\"\" src=\"/media/upload/2019/05/18/faker.jpg\" style=\"height:300px; width:450px\" /></p>\r\n\r\n<p>在SKT痛快的拿下这场比赛之后，国内的SKT粉丝也陷入了狂欢，纷纷表示终于扬眉吐气了，</p>\r\n\r\n<p>这几天在弹幕上很多人调侃SKT被iG16分钟打败把这些SKT粉丝气到了，憋屈几天的气终于在此刻得到了宣泄，感觉犹如过年一般。</p>", "author": 1, "blog_type": 3, "create_time": "2019-05-14T15:56:00Z", "image": "blog_images/faker.jpg"}}, {"model": "blog.blog", "pk": 7, "fields": {"title": "Django2.2 报错信息无法正常在页面显示", "content": "<p>Django2.2 安装后，使用runserver进行开发，出错时错误信息只显示于控制台命令行，而在前端页面只显示一行</p>\r\n\r\n<pre>\r\n<code> &ldquo;A server error occurred. Please contact the administrator.&rdquo;</code></pre>\r\n\r\n<p>排错很不方便，仔细查看控制台的错误信息，提示</p>\r\n\r\n<pre>\r\n<code>UnicodeDecodeError: &#39;gbk&#39; codec can&#39;t decode byte 0xa6 in position 9737: ill....</code></pre>\r\n\r\n<p>判断这个版本django由于出错信息的代码有编码读取问题 造成无法正常显示。<br />\r\n根据提示找到 python安装路径\\Lib\\site-packages\\django\\views\\debug.py ，打开后，修改约在 332 行处，将：</p>\r\n\r\n<pre>\r\n<code>        with Path(CURRENT_DIR, &#39;templates&#39;, &#39;technical_500.html&#39;).open() as fh:</code></pre>\r\n\r\n<p>修改为</p>\r\n\r\n<pre>\r\n<code>        with Path(CURRENT_DIR, &#39;templates&#39;, &#39;technical_500.html&#39;).open(encoding=&#39;utf-8&#39;) as fh:</code></pre>\r\n\r\n<p>也就是进行编码设置 ，然后再重新 启动runserver，出错信息即可正常显示在页面显示。</p>", "author": 2, "blog_type": 2, "create_time": "2019-06-16T11:39:00Z", "image": "blog_images/Django.jpg"}}, {"model": "comment.comment", "pk": 26, "fields": {"content_type": 7, "object_id": 4, "text": "<p>评论测试</p>", "comment_time": "2019-05-22T09:01:34.049Z", "user": 2}}, {"model": "comment.comment", "pk": 27, "fields": {"content_type": 7, "object_id": 4, "text": "<p>测试一下</p>", "comment_time": "2019-05-22T10:33:25.489Z", "user": 2}}, {"model": "comment.comment", "pk": 28, "fields": {"content_type": 7, "object_id": 4, "text": "<p>测试一下</p>", "comment_time": "2019-05-22T10:33:45.893Z", "user": 2}}, {"model": "comment.comment", "pk": 29, "fields": {"content_type": 7, "object_id": 4, "text": "<p>你好</p>", "comment_time": "2019-05-22T10:43:37.468Z", "user": 2}}, {"model": "comment.comment", "pk": 30, "fields": {"content_type": 7, "object_id": 4, "text": "<p>hello world</p>", "comment_time": "2019-05-22T10:45:59.474Z", "user": 2}}, {"model": "comment.comment", "pk": 31, "fields": {"content_type": 7, "object_id": 4, "text": "<p>测试一下</p>", "comment_time": "2019-05-22T11:01:06.423Z", "user": 2}}, {"model": "comment.comment", "pk": 32, "fields": {"content_type": 7, "object_id": 4, "text": "<p><img alt=\"yes\" height=\"23\" src=\"http://127.0.0.1:8000/static/ckeditor/ckeditor/plugins/smiley/images/thumbs_up.png\" title=\"yes\" width=\"23\" />写的真棒</p>", "comment_time": "2019-05-22T11:09:08.614Z", "user": 2}}, {"model": "comment.comment", "pk": 33, "fields": {"content_type": 7, "object_id": 1, "text": "<p>蔡徐坤你太帅了！<img alt=\"yes\" height=\"23\" src=\"http://127.0.0.1:8000/static/ckeditor/ckeditor/plugins/smiley/images/thumbs_up.png\" title=\"yes\" width=\"23\" /></p>", "comment_time": "2019-05-22T11:09:28.380Z", "user": 2}}, {"model": "comment.comment", "pk": 34, "fields": {"content_type": 7, "object_id": 4, "text": "<p>这个是干货</p>", "comment_time": "2019-05-22T11:21:01.947Z", "user": 2}}, {"model": "comment.comment", "pk": 35, "fields": {"content_type": 7, "object_id": 4, "text": "<p>&nbsp; &nbsp; 啊</p>", "comment_time": "2019-05-22T11:21:58.578Z", "user": 2}}, {"model": "comment.comment", "pk": 36, "fields": {"content_type": 7, "object_id": 1, "text": "<p>坤坤我男神！</p>", "comment_time": "2019-05-22T11:23:01.566Z", "user": 2}}, {"model": "comment.comment", "pk": 37, "fields": {"content_type": 7, "object_id": 1, "text": "<p>坤坤 我又来看你了<img alt=\"heart\" height=\"23\" src=\"http://127.0.0.1:8000/static/ckeditor/ckeditor/plugins/smiley/images/heart.png\" title=\"heart\" width=\"23\" /></p>", "comment_time": "2019-05-22T11:32:43.293Z", "user": 2}}, {"model": "comment.comment", "pk": 38, "fields": {"content_type": 7, "object_id": 1, "text": "<p>呵呵哒<img alt=\"kiss\" height=\"23\" src=\"http://127.0.0.1:8000/static/ckeditor/ckeditor/plugins/smiley/images/kiss.png\" title=\"kiss\" width=\"23\" /></p>", "comment_time": "2019-05-22T11:32:54.694Z", "user": 2}}, {"model": "comment.comment", "pk": 39, "fields": {"content_type": 7, "object_id": 6, "text": "<p>李哥不哭站起来撸</p>", "comment_time": "2019-05-22T11:34:27.716Z", "user": 2}}, {"model": "comment.comment", "pk": 40, "fields": {"content_type": 7, "object_id": 5, "text": "<p>大魔王牛逼！<img alt=\"devil\" height=\"23\" src=\"http://127.0.0.1:8000/static/ckeditor/ckeditor/plugins/smiley/images/devil_smile.png\" title=\"devil\" width=\"23\" /></p>", "comment_time": "2019-05-22T11:35:15.842Z", "user": 2}}, {"model": "comment.comment", "pk": 41, "fields": {"content_type": 7, "object_id": 1, "text": "<p>打球像蔡徐坤！<img alt=\"cheeky\" height=\"23\" src=\"http://127.0.0.1:8000/static/ckeditor/ckeditor/plugins/smiley/images/tongue_smile.png\" title=\"cheeky\" width=\"23\" /></p>", "comment_time": "2019-05-22T11:36:00.042Z", "user": 2}}, {"model": "comment.comment", "pk": 42, "fields": {"content_type": 7, "object_id": 7, "text": "<p>不错，问题已解决！</p>", "comment_time": "2019-06-16T11:46:07.937Z", "user": 2}}, {"model": "comment.comment", "pk": 43, "fields": {"content_type": 7, "object_id": 5, "text": "<p>测试一下</p>", "comment_time": "2019-06-16T11:46:54.273Z", "user": 2}}, {"model": "comment.comment", "pk": 44, "fields": {"content_type": 7, "object_id": 5, "text": "<p>我也来测试一下</p>", "comment_time": "2019-06-16T11:50:35.840Z", "user": 2}}, {"model": "comment.comment", "pk": 45, "fields": {"content_type": 7, "object_id": 7, "text": "<p>测试一下</p>", "comment_time": "2019-06-16T11:54:32.120Z", "user": 2}}, {"model": "comment.comment", "pk": 46, "fields": {"content_type": 7, "object_id": 7, "text": "<p>我再测试一下</p>", "comment_time": "2019-06-16T14:48:53.791Z", "user": 6}}, {"model": "comment.comment", "pk": 47, "fields": {"content_type": 7, "object_id": 7, "text": "<p><img alt=\"laugh\" height=\"23\" src=\"http://127.0.0.1:8000/static/ckeditor/ckeditor/plugins/smiley/images/teeth_smile.png\" title=\"laugh\" width=\"23\" /></p>", "comment_time": "2019-06-17T08:22:20.044Z", "user": 2}}, {"model": "admin.logentry", "pk": 1, "fields": {"action_time": "2019-05-13T14:58:46.456Z", "user": 1, "content_type": 8, "object_id": "1", "object_repr": "Django", "action_flag": 1, "change_message": "[{\"added\": {}}]"}}, {"model": "admin.logentry", "pk": 2, "fields": {"action_time": "2019-05-13T14:59:05.989Z", "user": 1, "content_type": 8, "object_id": "2", "object_repr": "博客", "action_flag": 1, "change_message": "[{\"added\": {}}]"}}, {"model": "admin.logentry", "pk": 3, "fields": {"action_time": "2019-05-13T14:59:57.535Z", "user": 1, "content_type": 8, "object_id": "3", "object_repr": "python", "action_flag": 1, "change_message": "[{\"added\": {}}]"}}, {"model": "admin.logentry", "pk": 4, "fields": {"action_time": "2019-05-13T15:01:27.569Z", "user": 1, "content_type": 7, "object_id": "1", "object_repr": "文章一", "action_flag": 1, "change_message": "[{\"added\": {}}]"}}, {"model": "admin.logentry", "pk": 5, "fields": {"action_time": "2019-05-13T15:01:44.847Z", "user": 1, "content_type": 7, "object_id": "2", "object_repr": "文章二", "action_flag": 1, "change_message": "[{\"added\": {}}]"}}, {"model": "admin.logentry", "pk": 6, "fields": {"action_time": "2019-05-13T15:02:00.736Z", "user": 1, "content_type": 7, "object_id": "3", "object_repr": "文章三", "action_flag": 1, "change_message": "[{\"added\": {}}]"}}, {"model": "admin.logentry", "pk": 7, "fields": {"action_time": "2019-05-14T03:32:21.356Z", "user": 1, "content_type": 7, "object_id": "4", "object_repr": "Django文章一", "action_flag": 1, "change_message": "[{\"added\": {}}]"}}, {"model": "admin.logentry", "pk": 8, "fields": {"action_time": "2019-05-14T03:32:39.501Z", "user": 1, "content_type": 7, "object_id": "5", "object_repr": "Django文章二", "action_flag": 1, "change_message": "[{\"added\": {}}]"}}, {"model": "admin.logentry", "pk": 9, "fields": {"action_time": "2019-05-14T03:56:13.788Z", "user": 1, "content_type": 7, "object_id": "1", "object_repr": "Django文章一", "action_flag": 2, "change_message": "[{\"changed\": {\"fields\": [\"title\", \"content\"]}}]"}}, {"model": "admin.logentry", "pk": 10, "fields": {"action_time": "2019-05-14T03:56:27.092Z", "user": 1, "content_type": 7, "object_id": "1", "object_repr": "Django文章一", "action_flag": 2, "change_message": "[{\"changed\": {\"fields\": [\"content\"]}}]"}}, {"model": "admin.logentry", "pk": 11, "fields": {"action_time": "2019-05-14T03:56:50.021Z", "user": 1, "content_type": 7, "object_id": "2", "object_repr": "Django文章二", "action_flag": 2, "change_message": "[{\"changed\": {\"fields\": [\"title\", \"content\", \"blog_type\"]}}]"}}, {"model": "admin.logentry", "pk": 12, "fields": {"action_time": "2019-05-14T03:57:27.278Z", "user": 1, "content_type": 8, "object_id": "2", "object_repr": "Java", "action_flag": 2, "change_message": "[{\"changed\": {\"fields\": [\"type_name\"]}}]"}}, {"model": "admin.logentry", "pk": 13, "fields": {"action_time": "2019-05-14T03:57:52.323Z", "user": 1, "content_type": 7, "object_id": "3", "object_repr": "Java文章一", "action_flag": 2, "change_message": "[{\"changed\": {\"fields\": [\"title\", \"content\", \"blog_type\"]}}]"}}, {"model": "admin.logentry", "pk": 14, "fields": {"action_time": "2019-05-14T03:58:07.901Z", "user": 1, "content_type": 7, "object_id": "4", "object_repr": "Java文章二", "action_flag": 2, "change_message": "[{\"changed\": {\"fields\": [\"title\", \"content\", \"blog_type\"]}}]"}}, {"model": "admin.logentry", "pk": 15, "fields": {"action_time": "2019-05-14T03:58:25.557Z", "user": 1, "content_type": 7, "object_id": "5", "object_repr": "Python文章一", "action_flag": 2, "change_message": "[{\"changed\": {\"fields\": [\"title\", \"content\", \"blog_type\"]}}]"}}, {"model": "admin.logentry", "pk": 16, "fields": {"action_time": "2019-05-14T16:22:41.212Z", "user": 1, "content_type": 7, "object_id": "6", "object_repr": "Python文章二", "action_flag": 1, "change_message": "[{\"added\": {}}]"}}, {"model": "admin.logentry", "pk": 17, "fields": {"action_time": "2019-05-14T16:22:52.414Z", "user": 1, "content_type": 7, "object_id": "6", "object_repr": "Python文章二", "action_flag": 2, "change_message": "[{\"changed\": {\"fields\": [\"content\"]}}]"}}, {"model": "admin.logentry", "pk": 18, "fields": {"action_time": "2019-05-15T16:33:25.998Z", "user": 2, "content_type": 7, "object_id": "1", "object_repr": "Django文章一", "action_flag": 2, "change_message": "[{\"changed\": {\"fields\": [\"content\"]}}]"}}, {"model": "admin.logentry", "pk": 19, "fields": {"action_time": "2019-05-15T16:34:14.863Z", "user": 2, "content_type": 7, "object_id": "1", "object_repr": "Django文章一", "action_flag": 2, "change_message": "[{\"changed\": {\"fields\": [\"content\"]}}]"}}, {"model": "admin.logentry", "pk": 20, "fields": {"action_time": "2019-05-15T16:41:14.056Z", "user": 2, "content_type": 7, "object_id": "1", "object_repr": "Django文章一", "action_flag": 2, "change_message": "[{\"changed\": {\"fields\": [\"content\"]}}]"}}, {"model": "admin.logentry", "pk": 21, "fields": {"action_time": "2019-05-15T16:45:50.000Z", "user": 2, "content_type": 7, "object_id": "1", "object_repr": "Django文章一", "action_flag": 2, "change_message": "[]"}}, {"model": "admin.logentry", "pk": 22, "fields": {"action_time": "2019-05-15T17:10:36.337Z", "user": 2, "content_type": 7, "object_id": "1", "object_repr": "Django文章一", "action_flag": 2, "change_message": "[{\"changed\": {\"fields\": [\"content\"]}}]"}}, {"model": "admin.logentry", "pk": 23, "fields": {"action_time": "2019-05-16T14:24:35.196Z", "user": 2, "content_type": 9, "object_id": "1", "object_repr": "ReadDetail object (1)", "action_flag": 1, "change_message": "[{\"added\": {}}]"}}, {"model": "admin.logentry", "pk": 24, "fields": {"action_time": "2019-05-17T06:39:07.914Z", "user": 2, "content_type": 13, "object_id": "1", "object_repr": "ReadDetail object (1)", "action_flag": 1, "change_message": "[{\"added\": {}}]"}}, {"model": "admin.logentry", "pk": 25, "fields": {"action_time": "2019-05-17T08:37:53.714Z", "user": 2, "content_type": 13, "object_id": "5", "object_repr": "ReadDetail object (5)", "action_flag": 1, "change_message": "[{\"added\": {}}]"}}, {"model": "admin.logentry", "pk": 26, "fields": {"action_time": "2019-05-17T08:38:10.942Z", "user": 2, "content_type": 13, "object_id": "6", "object_repr": "ReadDetail object (6)", "action_flag": 1, "change_message": "[{\"added\": {}}]"}}, {"model": "admin.logentry", "pk": 27, "fields": {"action_time": "2019-05-17T16:55:50.945Z", "user": 2, "content_type": 4, "object_id": "2", "object_repr": "linhaichao", "action_flag": 2, "change_message": "[{\"changed\": {\"fields\": [\"password\"]}}]"}}, {"model": "admin.logentry", "pk": 28, "fields": {"action_time": "2019-05-18T02:32:26.347Z", "user": 2, "content_type": 14, "object_id": "1", "object_repr": "Comment object (1)", "action_flag": 1, "change_message": "[{\"added\": {}}]"}}, {"model": "admin.logentry", "pk": 29, "fields": {"action_time": "2019-05-18T02:45:07.353Z", "user": 2, "content_type": 14, "object_id": "2", "object_repr": "Comment object (2)", "action_flag": 3, "change_message": ""}}, {"model": "admin.logentry", "pk": 30, "fields": {"action_time": "2019-05-18T03:08:00.538Z", "user": 2, "content_type": 14, "object_id": "3", "object_repr": "Comment object (3)", "action_flag": 3, "change_message": ""}}, {"model": "admin.logentry", "pk": 31, "fields": {"action_time": "2019-05-18T03:09:14.040Z", "user": 2, "content_type": 14, "object_id": "4", "object_repr": "Comment object (4)", "action_flag": 3, "change_message": ""}}, {"model": "admin.logentry", "pk": 32, "fields": {"action_time": "2019-05-18T03:10:09.468Z", "user": 2, "content_type": 14, "object_id": "5", "object_repr": "Comment object (5)", "action_flag": 1, "change_message": "[{\"added\": {}}]"}}, {"model": "admin.logentry", "pk": 33, "fields": {"action_time": "2019-05-18T03:17:03.584Z", "user": 2, "content_type": 14, "object_id": "6", "object_repr": "Comment object (6)", "action_flag": 3, "change_message": ""}}, {"model": "admin.logentry", "pk": 34, "fields": {"action_time": "2019-05-18T10:32:26.920Z", "user": 2, "content_type": 4, "object_id": "3", "object_repr": "caixukun", "action_flag": 3, "change_message": ""}}, {"model": "admin.logentry", "pk": 35, "fields": {"action_time": "2019-05-18T10:32:27.065Z", "user": 2, "content_type": 4, "object_id": "4", "object_repr": "caixukun2", "action_flag": 3, "change_message": ""}}, {"model": "admin.logentry", "pk": 36, "fields": {"action_time": "2019-05-18T10:34:57.467Z", "user": 2, "content_type": 14, "object_id": "5", "object_repr": "Comment object (5)", "action_flag": 2, "change_message": "[{\"changed\": {\"fields\": [\"user\"]}}]"}}, {"model": "admin.logentry", "pk": 37, "fields": {"action_time": "2019-05-18T10:35:12.933Z", "user": 2, "content_type": 14, "object_id": "7", "object_repr": "Comment object (7)", "action_flag": 2, "change_message": "[{\"changed\": {\"fields\": [\"text\"]}}]"}}, {"model": "admin.logentry", "pk": 38, "fields": {"action_time": "2019-05-18T10:35:29.059Z", "user": 2, "content_type": 14, "object_id": "8", "object_repr": "Comment object (8)", "action_flag": 2, "change_message": "[{\"changed\": {\"fields\": [\"text\", \"user\"]}}]"}}, {"model": "admin.logentry", "pk": 39, "fields": {"action_time": "2019-05-18T10:35:37.260Z", "user": 2, "content_type": 14, "object_id": "10", "object_repr": "Comment object (10)", "action_flag": 2, "change_message": "[{\"changed\": {\"fields\": [\"user\"]}}]"}}, {"model": "admin.logentry", "pk": 40, "fields": {"action_time": "2019-05-18T10:35:43.764Z", "user": 2, "content_type": 14, "object_id": "11", "object_repr": "Comment object (11)", "action_flag": 2, "change_message": "[{\"changed\": {\"fields\": [\"user\"]}}]"}}, {"model": "admin.logentry", "pk": 41, "fields": {"action_time": "2019-05-18T10:35:52.124Z", "user": 2, "content_type": 14, "object_id": "13", "object_repr": "Comment object (13)", "action_flag": 2, "change_message": "[{\"changed\": {\"fields\": [\"user\"]}}]"}}, {"model": "admin.logentry", "pk": 42, "fields": {"action_time": "2019-05-18T10:36:03.782Z", "user": 2, "content_type": 14, "object_id": "14", "object_repr": "Comment object (14)", "action_flag": 2, "change_message": "[]"}}, {"model": "admin.logentry", "pk": 43, "fields": {"action_time": "2019-05-18T12:54:27.077Z", "user": 2, "content_type": 8, "object_id": "1", "object_repr": "娱乐", "action_flag": 2, "change_message": "[{\"changed\": {\"fields\": [\"type_name\"]}}]"}}, {"model": "admin.logentry", "pk": 44, "fields": {"action_time": "2019-05-18T12:54:55.043Z", "user": 2, "content_type": 8, "object_id": "2", "object_repr": "教育频道", "action_flag": 2, "change_message": "[{\"changed\": {\"fields\": [\"type_name\"]}}]"}}, {"model": "admin.logentry", "pk": 45, "fields": {"action_time": "2019-05-18T12:55:03.333Z", "user": 2, "content_type": 8, "object_id": "1", "object_repr": "娱乐休闲", "action_flag": 2, "change_message": "[{\"changed\": {\"fields\": [\"type_name\"]}}]"}}, {"model": "admin.logentry", "pk": 46, "fields": {"action_time": "2019-05-18T12:56:10.099Z", "user": 2, "content_type": 8, "object_id": "3", "object_repr": "电子竞技", "action_flag": 2, "change_message": "[{\"changed\": {\"fields\": [\"type_name\"]}}]"}}, {"model": "admin.logentry", "pk": 47, "fields": {"action_time": "2019-05-18T12:58:31.144Z", "user": 2, "content_type": 7, "object_id": "1", "object_repr": "蔡徐坤邀你打篮球", "action_flag": 2, "change_message": "[{\"changed\": {\"fields\": [\"title\", \"content\"]}}]"}}, {"model": "admin.logentry", "pk": 48, "fields": {"action_time": "2019-05-18T12:59:18.393Z", "user": 2, "content_type": 7, "object_id": "1", "object_repr": "蔡徐坤邀你打篮球", "action_flag": 2, "change_message": "[{\"changed\": {\"fields\": [\"content\"]}}]"}}, {"model": "admin.logentry", "pk": 49, "fields": {"action_time": "2019-05-18T12:59:33.976Z", "user": 2, "content_type": 7, "object_id": "1", "object_repr": "蔡徐坤邀你打篮球", "action_flag": 2, "change_message": "[{\"changed\": {\"fields\": [\"content\"]}}]"}}, {"model": "admin.logentry", "pk": 50, "fields": {"action_time": "2019-05-18T13:24:41.659Z", "user": 2, "content_type": 7, "object_id": "2", "object_repr": "蔡徐坤粉丝退B站，B站网友拍手称快！", "action_flag": 2, "change_message": "[{\"changed\": {\"fields\": [\"title\", \"content\"]}}]"}}, {"model": "admin.logentry", "pk": 51, "fields": {"action_time": "2019-05-18T13:32:33.132Z", "user": 1, "content_type": 7, "object_id": "3", "object_repr": "Django学习之redirect", "action_flag": 2, "change_message": "[{\"changed\": {\"fields\": [\"title\", \"content\"]}}]"}}, {"model": "admin.logentry", "pk": 52, "fields": {"action_time": "2019-05-18T13:32:58.355Z", "user": 1, "content_type": 7, "object_id": "4", "object_repr": "Django学习之模板页的应用", "action_flag": 2, "change_message": "[{\"changed\": {\"fields\": [\"title\", \"content\"]}}]"}}, {"model": "admin.logentry", "pk": 53, "fields": {"action_time": "2019-05-18T13:33:20.548Z", "user": 1, "content_type": 7, "object_id": "1", "object_repr": "蔡徐坤邀你打篮球", "action_flag": 2, "change_message": "[]"}}, {"model": "admin.logentry", "pk": 54, "fields": {"action_time": "2019-05-18T13:37:50.691Z", "user": 1, "content_type": 7, "object_id": "4", "object_repr": "Django学习之模板页的应用", "action_flag": 2, "change_message": "[{\"changed\": {\"fields\": [\"content\"]}}]"}}, {"model": "admin.logentry", "pk": 55, "fields": {"action_time": "2019-05-18T13:38:18.715Z", "user": 1, "content_type": 7, "object_id": "2", "object_repr": "蔡徐坤粉丝退B站，B站网友拍手称快！", "action_flag": 2, "change_message": "[{\"changed\": {\"fields\": [\"content\"]}}]"}}, {"model": "admin.logentry", "pk": 56, "fields": {"action_time": "2019-05-18T13:38:30.702Z", "user": 1, "content_type": 7, "object_id": "3", "object_repr": "Django学习之redirect", "action_flag": 2, "change_message": "[{\"changed\": {\"fields\": [\"content\"]}}]"}}, {"model": "admin.logentry", "pk": 57, "fields": {"action_time": "2019-05-18T14:06:28.655Z", "user": 1, "content_type": 7, "object_id": "6", "object_repr": "ig不败金身被破-SKT国内粉丝陷入狂欢！", "action_flag": 2, "change_message": "[{\"changed\": {\"fields\": [\"title\", \"content\"]}}]"}}, {"model": "admin.logentry", "pk": 58, "fields": {"action_time": "2019-05-18T14:07:10.732Z", "user": 1, "content_type": 7, "object_id": "6", "object_repr": "ig不败金身被破-SKT国内粉丝陷入狂欢！", "action_flag": 2, "change_message": "[{\"changed\": {\"fields\": [\"content\"]}}]"}}, {"model": "admin.logentry", "pk": 59, "fields": {"action_time": "2019-05-18T14:13:20.144Z", "user": 2, "content_type": 7, "object_id": "5", "object_repr": "SKT不再有幸运女神眷顾，大魔王也C不动了", "action_flag": 2, "change_message": "[{\"changed\": {\"fields\": [\"title\", \"content\"]}}]"}}, {"model": "admin.logentry", "pk": 60, "fields": {"action_time": "2019-05-19T01:56:48.295Z", "user": 2, "content_type": 7, "object_id": "1", "object_repr": "蔡徐坤邀你打篮球", "action_flag": 2, "change_message": "[{\"changed\": {\"fields\": [\"image\"]}}]"}}, {"model": "admin.logentry", "pk": 61, "fields": {"action_time": "2019-05-19T02:03:54.658Z", "user": 2, "content_type": 7, "object_id": "2", "object_repr": "蔡徐坤粉丝退B站，B站网友拍手称快！", "action_flag": 2, "change_message": "[{\"changed\": {\"fields\": [\"image\"]}}]"}}, {"model": "admin.logentry", "pk": 62, "fields": {"action_time": "2019-05-19T02:05:20.282Z", "user": 2, "content_type": 7, "object_id": "3", "object_repr": "Django学习之redirect", "action_flag": 2, "change_message": "[{\"changed\": {\"fields\": [\"image\"]}}]"}}, {"model": "admin.logentry", "pk": 63, "fields": {"action_time": "2019-05-19T02:06:32.872Z", "user": 2, "content_type": 7, "object_id": "4", "object_repr": "Django学习之模板页的应用", "action_flag": 2, "change_message": "[{\"changed\": {\"fields\": [\"content\", \"image\"]}}]"}}, {"model": "admin.logentry", "pk": 64, "fields": {"action_time": "2019-05-19T02:06:41.719Z", "user": 2, "content_type": 7, "object_id": "5", "object_repr": "SKT不再有幸运女神眷顾，大魔王也C不动了", "action_flag": 2, "change_message": "[{\"changed\": {\"fields\": [\"image\"]}}]"}}, {"model": "admin.logentry", "pk": 65, "fields": {"action_time": "2019-05-19T02:06:49.785Z", "user": 2, "content_type": 7, "object_id": "6", "object_repr": "ig不败金身被破-SKT国内粉丝陷入狂欢！", "action_flag": 2, "change_message": "[{\"changed\": {\"fields\": [\"image\"]}}]"}}, {"model": "admin.logentry", "pk": 66, "fields": {"action_time": "2019-05-19T02:17:54.664Z", "user": 2, "content_type": 7, "object_id": "5", "object_repr": "SKT失去幸运女神眷顾，大魔王C不动了", "action_flag": 2, "change_message": "[{\"changed\": {\"fields\": [\"title\"]}}]"}}, {"model": "admin.logentry", "pk": 67, "fields": {"action_time": "2019-05-19T02:21:59.377Z", "user": 2, "content_type": 7, "object_id": "2", "object_repr": "蔡徐坤粉丝退B站，B站网友拍手称快！", "action_flag": 2, "change_message": "[{\"changed\": {\"fields\": [\"content\"]}}]"}}, {"model": "admin.logentry", "pk": 68, "fields": {"action_time": "2019-05-22T11:22:34.427Z", "user": 2, "content_type": 14, "object_id": "25", "object_repr": "Comment object (25)", "action_flag": 3, "change_message": ""}}, {"model": "admin.logentry", "pk": 69, "fields": {"action_time": "2019-05-22T11:22:34.531Z", "user": 2, "content_type": 14, "object_id": "24", "object_repr": "Comment object (24)", "action_flag": 3, "change_message": ""}}, {"model": "admin.logentry", "pk": 70, "fields": {"action_time": "2019-05-22T11:22:34.629Z", "user": 2, "content_type": 14, "object_id": "23", "object_repr": "Comment object (23)", "action_flag": 3, "change_message": ""}}, {"model": "admin.logentry", "pk": 71, "fields": {"action_time": "2019-05-22T11:22:34.754Z", "user": 2, "content_type": 14, "object_id": "22", "object_repr": "Comment object (22)", "action_flag": 3, "change_message": ""}}, {"model": "admin.logentry", "pk": 72, "fields": {"action_time": "2019-05-22T11:22:34.866Z", "user": 2, "content_type": 14, "object_id": "21", "object_repr": "Comment object (21)", "action_flag": 3, "change_message": ""}}, {"model": "admin.logentry", "pk": 73, "fields": {"action_time": "2019-05-22T11:22:34.977Z", "user": 2, "content_type": 14, "object_id": "20", "object_repr": "Comment object (20)", "action_flag": 3, "change_message": ""}}, {"model": "admin.logentry", "pk": 74, "fields": {"action_time": "2019-05-22T11:22:35.123Z", "user": 2, "content_type": 14, "object_id": "19", "object_repr": "Comment object (19)", "action_flag": 3, "change_message": ""}}, {"model": "admin.logentry", "pk": 75, "fields": {"action_time": "2019-05-22T11:22:35.231Z", "user": 2, "content_type": 14, "object_id": "18", "object_repr": "Comment object (18)", "action_flag": 3, "change_message": ""}}, {"model": "admin.logentry", "pk": 76, "fields": {"action_time": "2019-05-22T11:22:35.344Z", "user": 2, "content_type": 14, "object_id": "17", "object_repr": "Comment object (17)", "action_flag": 3, "change_message": ""}}, {"model": "admin.logentry", "pk": 77, "fields": {"action_time": "2019-05-22T11:22:35.486Z", "user": 2, "content_type": 14, "object_id": "16", "object_repr": "Comment object (16)", "action_flag": 3, "change_message": ""}}, {"model": "admin.logentry", "pk": 78, "fields": {"action_time": "2019-05-22T11:22:35.598Z", "user": 2, "content_type": 14, "object_id": "15", "object_repr": "Comment object (15)", "action_flag": 3, "change_message": ""}}, {"model": "admin.logentry", "pk": 79, "fields": {"action_time": "2019-05-22T11:22:35.721Z", "user": 2, "content_type": 14, "object_id": "14", "object_repr": "Comment object (14)", "action_flag": 3, "change_message": ""}}, {"model": "admin.logentry", "pk": 80, "fields": {"action_time": "2019-05-22T11:22:35.819Z", "user": 2, "content_type": 14, "object_id": "13", "object_repr": "Comment object (13)", "action_flag": 3, "change_message": ""}}, {"model": "admin.logentry", "pk": 81, "fields": {"action_time": "2019-05-22T11:22:35.919Z", "user": 2, "content_type": 14, "object_id": "12", "object_repr": "Comment object (12)", "action_flag": 3, "change_message": ""}}, {"model": "admin.logentry", "pk": 82, "fields": {"action_time": "2019-05-22T11:22:36.032Z", "user": 2, "content_type": 14, "object_id": "11", "object_repr": "Comment object (11)", "action_flag": 3, "change_message": ""}}, {"model": "admin.logentry", "pk": 83, "fields": {"action_time": "2019-05-22T11:22:36.143Z", "user": 2, "content_type": 14, "object_id": "10", "object_repr": "Comment object (10)", "action_flag": 3, "change_message": ""}}, {"model": "admin.logentry", "pk": 84, "fields": {"action_time": "2019-05-22T11:22:36.266Z", "user": 2, "content_type": 14, "object_id": "9", "object_repr": "Comment object (9)", "action_flag": 3, "change_message": ""}}, {"model": "admin.logentry", "pk": 85, "fields": {"action_time": "2019-05-22T11:22:36.430Z", "user": 2, "content_type": 14, "object_id": "8", "object_repr": "Comment object (8)", "action_flag": 3, "change_message": ""}}, {"model": "admin.logentry", "pk": 86, "fields": {"action_time": "2019-05-22T11:22:36.542Z", "user": 2, "content_type": 14, "object_id": "7", "object_repr": "Comment object (7)", "action_flag": 3, "change_message": ""}}, {"model": "admin.logentry", "pk": 87, "fields": {"action_time": "2019-05-22T11:22:36.687Z", "user": 2, "content_type": 14, "object_id": "5", "object_repr": "Comment object (5)", "action_flag": 3, "change_message": ""}}, {"model": "admin.logentry", "pk": 88, "fields": {"action_time": "2019-05-22T11:22:36.788Z", "user": 2, "content_type": 14, "object_id": "1", "object_repr": "Comment object (1)", "action_flag": 3, "change_message": ""}}, {"model": "admin.logentry", "pk": 89, "fields": {"action_time": "2019-06-16T11:45:25.037Z", "user": 2, "content_type": 7, "object_id": "7", "object_repr": "Django2.2 报错信息无法正常在页面显示", "action_flag": 1, "change_message": "[{\"added\": {}}]"}}, {"model": "admin.logentry", "pk": 90, "fields": {"action_time": "2019-06-18T01:12:02.028Z", "user": 2, "content_type": 16, "object_id": "109", "object_repr": "“我的老片库”之保存 “六公主”的电影磁带都放哪了？", "action_flag": 3, "change_message": ""}}, {"model": "admin.logentry", "pk": 91, "fields": {"action_time": "2019-06-18T01:12:02.133Z", "user": 2, "content_type": 16, "object_id": "108", "object_repr": "“我的老片库”之保存 “六公主”的电影磁带都放哪了？", "action_flag": 3, "change_message": ""}}, {"model": "admin.logentry", "pk": 92, "fields": {"action_time": "2019-06-18T01:12:02.249Z", "user": 2, "content_type": 16, "object_id": "107", "object_repr": "“我的老片库”之保存 “六公主”的电影磁带都放哪了？", "action_flag": 3, "change_message": ""}}, {"model": "admin.logentry", "pk": 93, "fields": {"action_time": "2019-06-18T01:12:02.344Z", "user": 2, "content_type": 16, "object_id": "106", "object_repr": "“我的老片库”之保存 “六公主”的电影磁带都放哪了？", "action_flag": 3, "change_message": ""}}, {"model": "admin.logentry", "pk": 94, "fields": {"action_time": "2019-06-18T01:12:02.483Z", "user": 2, "content_type": 16, "object_id": "105", "object_repr": "“我的老片库”之保存 “六公主”的电影磁带都放哪了？", "action_flag": 3, "change_message": ""}}, {"model": "admin.logentry", "pk": 95, "fields": {"action_time": "2019-06-18T01:12:02.593Z", "user": 2, "content_type": 16, "object_id": "104", "object_repr": "“我的老片库”之保存 “六公主”的电影磁带都放哪了？", "action_flag": 3, "change_message": ""}}, {"model": "admin.logentry", "pk": 96, "fields": {"action_time": "2019-06-18T01:12:02.696Z", "user": 2, "content_type": 16, "object_id": "103", "object_repr": "“我的老片库”之保存 “六公主”的电影磁带都放哪了？", "action_flag": 3, "change_message": ""}}, {"model": "admin.logentry", "pk": 97, "fields": {"action_time": "2019-06-18T01:12:02.816Z", "user": 2, "content_type": 16, "object_id": "102", "object_repr": "“我的老片库”之保存 “六公主”的电影磁带都放哪了？", "action_flag": 3, "change_message": ""}}, {"model": "admin.logentry", "pk": 98, "fields": {"action_time": "2019-06-18T01:12:02.921Z", "user": 2, "content_type": 16, "object_id": "101", "object_repr": "“我的老片库”之保存 “六公主”的电影磁带都放哪了？", "action_flag": 3, "change_message": ""}}, {"model": "admin.logentry", "pk": 99, "fields": {"action_time": "2019-06-18T01:12:03.097Z", "user": 2, "content_type": 16, "object_id": "100", "object_repr": "“我的老片库”之保存 “六公主”的电影磁带都放哪了？", "action_flag": 3, "change_message": ""}}, {"model": "admin.logentry", "pk": 100, "fields": {"action_time": "2019-06-18T01:12:03.289Z", "user": 2, "content_type": 16, "object_id": "99", "object_repr": "“我的老片库”之保存 “六公主”的电影磁带都放哪了？", "action_flag": 3, "change_message": ""}}, {"model": "admin.logentry", "pk": 101, "fields": {"action_time": "2019-06-18T01:12:03.418Z", "user": 2, "content_type": 16, "object_id": "98", "object_repr": "“我的老片库”之保存 “六公主”的电影磁带都放哪了？", "action_flag": 3, "change_message": ""}}, {"model": "admin.logentry", "pk": 102, "fields": {"action_time": "2019-06-18T01:12:03.529Z", "user": 2, "content_type": 16, "object_id": "97", "object_repr": "“我的老片库”之保存 “六公主”的电影磁带都放哪了？", "action_flag": 3, "change_message": ""}}, {"model": "admin.logentry", "pk": 103, "fields": {"action_time": "2019-06-18T01:12:03.641Z", "user": 2, "content_type": 16, "object_id": "96", "object_repr": "“我的老片库”之保存 “六公主”的电影磁带都放哪了？", "action_flag": 3, "change_message": ""}}, {"model": "admin.logentry", "pk": 104, "fields": {"action_time": "2019-06-18T01:12:03.774Z", "user": 2, "content_type": 16, "object_id": "95", "object_repr": "“我的老片库”之保存 “六公主”的电影磁带都放哪了？", "action_flag": 3, "change_message": ""}}, {"model": "admin.logentry", "pk": 105, "fields": {"action_time": "2019-06-18T01:12:03.941Z", "user": 2, "content_type": 16, "object_id": "94", "object_repr": "“我的老片库”之保存 “六公主”的电影磁带都放哪了？", "action_flag": 3, "change_message": ""}}, {"model": "admin.logentry", "pk": 106, "fields": {"action_time": "2019-06-18T01:12:04.164Z", "user": 2, "content_type": 16, "object_id": "93", "object_repr": "“我的老片库”之保存 “六公主”的电影磁带都放哪了？", "action_flag": 3, "change_message": ""}}, {"model": "admin.logentry", "pk": 107, "fields": {"action_time": "2019-06-18T01:12:04.315Z", "user": 2, "content_type": 16, "object_id": "92", "object_repr": "“我的老片库”之保存 “六公主”的电影磁带都放哪了？", "action_flag": 3, "change_message": ""}}, {"model": "admin.logentry", "pk": 108, "fields": {"action_time": "2019-06-18T01:12:04.429Z", "user": 2, "content_type": 16, "object_id": "91", "object_repr": "“我的老片库”之保存 “六公主”的电影磁带都放哪了？", "action_flag": 3, "change_message": ""}}, {"model": "admin.logentry", "pk": 109, "fields": {"action_time": "2019-06-18T01:12:04.518Z", "user": 2, "content_type": 16, "object_id": "90", "object_repr": "“我的老片库”之保存 “六公主”的电影磁带都放哪了？", "action_flag": 3, "change_message": ""}}, {"model": "admin.logentry", "pk": 110, "fields": {"action_time": "2019-06-18T01:12:04.687Z", "user": 2, "content_type": 16, "object_id": "89", "object_repr": "“我的老片库”之保存 “六公主”的电影磁带都放哪了？", "action_flag": 3, "change_message": ""}}, {"model": "admin.logentry", "pk": 111, "fields": {"action_time": "2019-06-18T01:12:04.817Z", "user": 2, "content_type": 16, "object_id": "88", "object_repr": "“我的老片库”之保存 “六公主”的电影磁带都放哪了？", "action_flag": 3, "change_message": ""}}, {"model": "admin.logentry", "pk": 112, "fields": {"action_time": "2019-06-18T01:12:04.918Z", "user": 2, "content_type": 16, "object_id": "87", "object_repr": "“我的老片库”之保存 “六公主”的电影磁带都放哪了？", "action_flag": 3, "change_message": ""}}, {"model": "admin.logentry", "pk": 113, "fields": {"action_time": "2019-06-18T01:12:05.060Z", "user": 2, "content_type": 16, "object_id": "86", "object_repr": "“我的老片库”之保存 “六公主”的电影磁带都放哪了？", "action_flag": 3, "change_message": ""}}, {"model": "admin.logentry", "pk": 114, "fields": {"action_time": "2019-06-18T01:12:05.177Z", "user": 2, "content_type": 16, "object_id": "85", "object_repr": "“我的老片库”之保存 “六公主”的电影磁带都放哪了？", "action_flag": 3, "change_message": ""}}, {"model": "admin.logentry", "pk": 115, "fields": {"action_time": "2019-06-18T01:12:05.318Z", "user": 2, "content_type": 16, "object_id": "84", "object_repr": "“我的老片库”之保存 “六公主”的电影磁带都放哪了？", "action_flag": 3, "change_message": ""}}, {"model": "admin.logentry", "pk": 116, "fields": {"action_time": "2019-06-18T01:12:05.438Z", "user": 2, "content_type": 16, "object_id": "83", "object_repr": "“我的老片库”之保存 “六公主”的电影磁带都放哪了？", "action_flag": 3, "change_message": ""}}, {"model": "admin.logentry", "pk": 117, "fields": {"action_time": "2019-06-18T01:12:05.518Z", "user": 2, "content_type": 16, "object_id": "82", "object_repr": "“我的老片库”之保存 “六公主”的电影磁带都放哪了？", "action_flag": 3, "change_message": ""}}, {"model": "admin.logentry", "pk": 118, "fields": {"action_time": "2019-06-18T01:12:05.618Z", "user": 2, "content_type": 16, "object_id": "81", "object_repr": "“我的老片库”之保存 “六公主”的电影磁带都放哪了？", "action_flag": 3, "change_message": ""}}, {"model": "admin.logentry", "pk": 119, "fields": {"action_time": "2019-06-18T01:12:05.733Z", "user": 2, "content_type": 16, "object_id": "80", "object_repr": "“我的老片库”之保存 “六公主”的电影磁带都放哪了？", "action_flag": 3, "change_message": ""}}, {"model": "admin.logentry", "pk": 120, "fields": {"action_time": "2019-06-18T01:12:05.852Z", "user": 2, "content_type": 16, "object_id": "79", "object_repr": "“我的老片库”之保存 “六公主”的电影磁带都放哪了？", "action_flag": 3, "change_message": ""}}, {"model": "admin.logentry", "pk": 121, "fields": {"action_time": "2019-06-18T01:12:05.975Z", "user": 2, "content_type": 16, "object_id": "78", "object_repr": "“我的老片库”之保存 “六公主”的电影磁带都放哪了？", "action_flag": 3, "change_message": ""}}, {"model": "admin.logentry", "pk": 122, "fields": {"action_time": "2019-06-18T01:12:06.181Z", "user": 2, "content_type": 16, "object_id": "77", "object_repr": "“我的老片库”之保存 “六公主”的电影磁带都放哪了？", "action_flag": 3, "change_message": ""}}, {"model": "admin.logentry", "pk": 123, "fields": {"action_time": "2019-06-18T01:12:06.328Z", "user": 2, "content_type": 16, "object_id": "76", "object_repr": "“我的老片库”之保存 “六公主”的电影磁带都放哪了？", "action_flag": 3, "change_message": ""}}, {"model": "admin.logentry", "pk": 124, "fields": {"action_time": "2019-06-18T01:12:06.474Z", "user": 2, "content_type": 16, "object_id": "75", "object_repr": "“我的老片库”之保存 “六公主”的电影磁带都放哪了？", "action_flag": 3, "change_message": ""}}, {"model": "admin.logentry", "pk": 125, "fields": {"action_time": "2019-06-18T01:12:06.607Z", "user": 2, "content_type": 16, "object_id": "74", "object_repr": "“我的老片库”之保存 “六公主”的电影磁带都放哪了？", "action_flag": 3, "change_message": ""}}, {"model": "admin.logentry", "pk": 126, "fields": {"action_time": "2019-06-18T01:12:06.717Z", "user": 2, "content_type": 16, "object_id": "73", "object_repr": "“我的老片库”之保存 “六公主”的电影磁带都放哪了？", "action_flag": 3, "change_message": ""}}, {"model": "admin.logentry", "pk": 127, "fields": {"action_time": "2019-06-18T01:12:06.826Z", "user": 2, "content_type": 16, "object_id": "72", "object_repr": "“我的老片库”之保存 “六公主”的电影磁带都放哪了？", "action_flag": 3, "change_message": ""}}, {"model": "admin.logentry", "pk": 128, "fields": {"action_time": "2019-06-18T01:12:06.918Z", "user": 2, "content_type": 16, "object_id": "71", "object_repr": "“我的老片库”之保存 “六公主”的电影磁带都放哪了？", "action_flag": 3, "change_message": ""}}, {"model": "admin.logentry", "pk": 129, "fields": {"action_time": "2019-06-18T01:12:07.027Z", "user": 2, "content_type": 16, "object_id": "70", "object_repr": "“我的老片库”之保存 “六公主”的电影磁带都放哪了？", "action_flag": 3, "change_message": ""}}, {"model": "admin.logentry", "pk": 130, "fields": {"action_time": "2019-06-18T01:12:07.128Z", "user": 2, "content_type": 16, "object_id": "69", "object_repr": "“我的老片库”之保存 “六公主”的电影磁带都放哪了？", "action_flag": 3, "change_message": ""}}, {"model": "admin.logentry", "pk": 131, "fields": {"action_time": "2019-06-18T01:12:07.241Z", "user": 2, "content_type": 16, "object_id": "68", "object_repr": "“我的老片库”之保存 “六公主”的电影磁带都放哪了？", "action_flag": 3, "change_message": ""}}, {"model": "admin.logentry", "pk": 132, "fields": {"action_time": "2019-06-18T01:12:07.407Z", "user": 2, "content_type": 16, "object_id": "67", "object_repr": "“我的老片库”之保存 “六公主”的电影磁带都放哪了？", "action_flag": 3, "change_message": ""}}, {"model": "admin.logentry", "pk": 133, "fields": {"action_time": "2019-06-18T01:12:07.529Z", "user": 2, "content_type": 16, "object_id": "66", "object_repr": "“我的老片库”之保存 “六公主”的电影磁带都放哪了？", "action_flag": 3, "change_message": ""}}, {"model": "admin.logentry", "pk": 134, "fields": {"action_time": "2019-06-18T01:12:07.672Z", "user": 2, "content_type": 16, "object_id": "65", "object_repr": "“我的老片库”之保存 “六公主”的电影磁带都放哪了？", "action_flag": 3, "change_message": ""}}, {"model": "admin.logentry", "pk": 135, "fields": {"action_time": "2019-06-18T01:12:07.784Z", "user": 2, "content_type": 16, "object_id": "64", "object_repr": "“我的老片库”之保存 “六公主”的电影磁带都放哪了？", "action_flag": 3, "change_message": ""}}, {"model": "admin.logentry", "pk": 136, "fields": {"action_time": "2019-06-18T01:12:07.911Z", "user": 2, "content_type": 16, "object_id": "63", "object_repr": "“我的老片库”之保存 “六公主”的电影磁带都放哪了？", "action_flag": 3, "change_message": ""}}, {"model": "admin.logentry", "pk": 137, "fields": {"action_time": "2019-06-18T01:12:08.028Z", "user": 2, "content_type": 16, "object_id": "62", "object_repr": "“我的老片库”之保存 “六公主”的电影磁带都放哪了？", "action_flag": 3, "change_message": ""}}, {"model": "admin.logentry", "pk": 138, "fields": {"action_time": "2019-06-18T01:12:08.295Z", "user": 2, "content_type": 16, "object_id": "61", "object_repr": "“我的老片库”之保存 “六公主”的电影磁带都放哪了？", "action_flag": 3, "change_message": ""}}, {"model": "admin.logentry", "pk": 139, "fields": {"action_time": "2019-06-18T01:12:08.423Z", "user": 2, "content_type": 16, "object_id": "60", "object_repr": "“我的老片库”之保存 “六公主”的电影磁带都放哪了？", "action_flag": 3, "change_message": ""}}, {"model": "admin.logentry", "pk": 140, "fields": {"action_time": "2019-06-18T01:12:08.517Z", "user": 2, "content_type": 16, "object_id": "59", "object_repr": "“我的老片库”之保存 “六公主”的电影磁带都放哪了？", "action_flag": 3, "change_message": ""}}, {"model": "admin.logentry", "pk": 141, "fields": {"action_time": "2019-06-18T01:12:08.654Z", "user": 2, "content_type": 16, "object_id": "58", "object_repr": "“我的老片库”之保存 “六公主”的电影磁带都放哪了？", "action_flag": 3, "change_message": ""}}, {"model": "admin.logentry", "pk": 142, "fields": {"action_time": "2019-06-18T01:12:08.817Z", "user": 2, "content_type": 16, "object_id": "57", "object_repr": "“我的老片库”之保存 “六公主”的电影磁带都放哪了？", "action_flag": 3, "change_message": ""}}, {"model": "admin.logentry", "pk": 143, "fields": {"action_time": "2019-06-18T01:12:08.928Z", "user": 2, "content_type": 16, "object_id": "56", "object_repr": "“我的老片库”之保存 “六公主”的电影磁带都放哪了？", "action_flag": 3, "change_message": ""}}, {"model": "admin.logentry", "pk": 144, "fields": {"action_time": "2019-06-18T01:12:09.039Z", "user": 2, "content_type": 16, "object_id": "55", "object_repr": "“我的老片库”之保存 “六公主”的电影磁带都放哪了？", "action_flag": 3, "change_message": ""}}, {"model": "admin.logentry", "pk": 145, "fields": {"action_time": "2019-06-18T01:12:09.151Z", "user": 2, "content_type": 16, "object_id": "54", "object_repr": "“我的老片库”之保存 “六公主”的电影磁带都放哪了？", "action_flag": 3, "change_message": ""}}, {"model": "admin.logentry", "pk": 146, "fields": {"action_time": "2019-06-18T01:12:09.274Z", "user": 2, "content_type": 16, "object_id": "53", "object_repr": "“我的老片库”之保存 “六公主”的电影磁带都放哪了？", "action_flag": 3, "change_message": ""}}, {"model": "admin.logentry", "pk": 147, "fields": {"action_time": "2019-06-18T01:12:09.381Z", "user": 2, "content_type": 16, "object_id": "52", "object_repr": "“我的老片库”之保存 “六公主”的电影磁带都放哪了？", "action_flag": 3, "change_message": ""}}, {"model": "admin.logentry", "pk": 148, "fields": {"action_time": "2019-06-18T01:12:09.484Z", "user": 2, "content_type": 16, "object_id": "51", "object_repr": "“我的老片库”之保存 “六公主”的电影磁带都放哪了？", "action_flag": 3, "change_message": ""}}, {"model": "admin.logentry", "pk": 149, "fields": {"action_time": "2019-06-18T01:12:09.625Z", "user": 2, "content_type": 16, "object_id": "50", "object_repr": "“我的老片库”之保存 “六公主”的电影磁带都放哪了？", "action_flag": 3, "change_message": ""}}, {"model": "admin.logentry", "pk": 150, "fields": {"action_time": "2019-06-18T01:12:09.751Z", "user": 2, "content_type": 16, "object_id": "49", "object_repr": "“我的老片库”之保存 “六公主”的电影磁带都放哪了？", "action_flag": 3, "change_message": ""}}, {"model": "admin.logentry", "pk": 151, "fields": {"action_time": "2019-06-18T01:12:09.851Z", "user": 2, "content_type": 16, "object_id": "48", "object_repr": "“我的老片库”之保存 “六公主”的电影磁带都放哪了？", "action_flag": 3, "change_message": ""}}, {"model": "admin.logentry", "pk": 152, "fields": {"action_time": "2019-06-18T01:12:09.961Z", "user": 2, "content_type": 16, "object_id": "47", "object_repr": "“我的老片库”之保存 “六公主”的电影磁带都放哪了？", "action_flag": 3, "change_message": ""}}, {"model": "admin.logentry", "pk": 153, "fields": {"action_time": "2019-06-18T01:12:10.108Z", "user": 2, "content_type": 16, "object_id": "46", "object_repr": "“我的老片库”之保存 “六公主”的电影磁带都放哪了？", "action_flag": 3, "change_message": ""}}, {"model": "admin.logentry", "pk": 154, "fields": {"action_time": "2019-06-18T01:12:10.228Z", "user": 2, "content_type": 16, "object_id": "45", "object_repr": "“我的老片库”之保存 “六公主”的电影磁带都放哪了？", "action_flag": 3, "change_message": ""}}, {"model": "admin.logentry", "pk": 155, "fields": {"action_time": "2019-06-18T01:12:10.328Z", "user": 2, "content_type": 16, "object_id": "44", "object_repr": "“我的老片库”之保存 “六公主”的电影磁带都放哪了？", "action_flag": 3, "change_message": ""}}, {"model": "admin.logentry", "pk": 156, "fields": {"action_time": "2019-06-18T01:12:10.430Z", "user": 2, "content_type": 16, "object_id": "43", "object_repr": "“我的老片库”之保存 “六公主”的电影磁带都放哪了？", "action_flag": 3, "change_message": ""}}, {"model": "admin.logentry", "pk": 157, "fields": {"action_time": "2019-06-18T01:12:10.540Z", "user": 2, "content_type": 16, "object_id": "42", "object_repr": "“我的老片库”之保存 “六公主”的电影磁带都放哪了？", "action_flag": 3, "change_message": ""}}, {"model": "admin.logentry", "pk": 158, "fields": {"action_time": "2019-06-18T01:12:10.664Z", "user": 2, "content_type": 16, "object_id": "41", "object_repr": "“我的老片库”之保存 “六公主”的电影磁带都放哪了？", "action_flag": 3, "change_message": ""}}, {"model": "admin.logentry", "pk": 159, "fields": {"action_time": "2019-06-18T01:12:10.761Z", "user": 2, "content_type": 16, "object_id": "40", "object_repr": "“我的老片库”之保存 “六公主”的电影磁带都放哪了？", "action_flag": 3, "change_message": ""}}, {"model": "admin.logentry", "pk": 160, "fields": {"action_time": "2019-06-18T01:12:10.861Z", "user": 2, "content_type": 16, "object_id": "39", "object_repr": "“我的老片库”之保存 “六公主”的电影磁带都放哪了？", "action_flag": 3, "change_message": ""}}, {"model": "admin.logentry", "pk": 161, "fields": {"action_time": "2019-06-18T01:12:10.973Z", "user": 2, "content_type": 16, "object_id": "38", "object_repr": "“我的老片库”之保存 “六公主”的电影磁带都放哪了？", "action_flag": 3, "change_message": ""}}, {"model": "admin.logentry", "pk": 162, "fields": {"action_time": "2019-06-18T01:12:11.113Z", "user": 2, "content_type": 16, "object_id": "37", "object_repr": "“我的老片库”之保存 “六公主”的电影磁带都放哪了？", "action_flag": 3, "change_message": ""}}, {"model": "admin.logentry", "pk": 163, "fields": {"action_time": "2019-06-18T01:12:11.218Z", "user": 2, "content_type": 16, "object_id": "36", "object_repr": "“我的老片库”之保存 “六公主”的电影磁带都放哪了？", "action_flag": 3, "change_message": ""}}, {"model": "admin.logentry", "pk": 164, "fields": {"action_time": "2019-06-18T01:12:11.318Z", "user": 2, "content_type": 16, "object_id": "35", "object_repr": "“我的老片库”之保存 “六公主”的电影磁带都放哪了？", "action_flag": 3, "change_message": ""}}, {"model": "admin.logentry", "pk": 165, "fields": {"action_time": "2019-06-18T01:12:11.440Z", "user": 2, "content_type": 16, "object_id": "34", "object_repr": "“我的老片库”之保存 “六公主”的电影磁带都放哪了？", "action_flag": 3, "change_message": ""}}, {"model": "admin.logentry", "pk": 166, "fields": {"action_time": "2019-06-18T01:12:11.562Z", "user": 2, "content_type": 16, "object_id": "33", "object_repr": "“我的老片库”之保存 “六公主”的电影磁带都放哪了？", "action_flag": 3, "change_message": ""}}, {"model": "admin.logentry", "pk": 167, "fields": {"action_time": "2019-06-18T01:12:11.695Z", "user": 2, "content_type": 16, "object_id": "32", "object_repr": "“我的老片库”之保存 “六公主”的电影磁带都放哪了？", "action_flag": 3, "change_message": ""}}, {"model": "admin.logentry", "pk": 168, "fields": {"action_time": "2019-06-18T01:12:11.814Z", "user": 2, "content_type": 16, "object_id": "31", "object_repr": "“我的老片库”之保存 “六公主”的电影磁带都放哪了？", "action_flag": 3, "change_message": ""}}, {"model": "admin.logentry", "pk": 169, "fields": {"action_time": "2019-06-18T01:12:11.917Z", "user": 2, "content_type": 16, "object_id": "30", "object_repr": "“我的老片库”之保存 “六公主”的电影磁带都放哪了？", "action_flag": 3, "change_message": ""}}, {"model": "admin.logentry", "pk": 170, "fields": {"action_time": "2019-06-18T01:12:12.017Z", "user": 2, "content_type": 16, "object_id": "29", "object_repr": "“我的老片库”之保存 “六公主”的电影磁带都放哪了？", "action_flag": 3, "change_message": ""}}, {"model": "admin.logentry", "pk": 171, "fields": {"action_time": "2019-06-18T01:12:12.162Z", "user": 2, "content_type": 16, "object_id": "28", "object_repr": "“我的老片库”之保存 “六公主”的电影磁带都放哪了？", "action_flag": 3, "change_message": ""}}, {"model": "admin.logentry", "pk": 172, "fields": {"action_time": "2019-06-18T01:12:12.318Z", "user": 2, "content_type": 16, "object_id": "27", "object_repr": "“我的老片库”之保存 “六公主”的电影磁带都放哪了？", "action_flag": 3, "change_message": ""}}, {"model": "admin.logentry", "pk": 173, "fields": {"action_time": "2019-06-18T01:12:12.417Z", "user": 2, "content_type": 16, "object_id": "26", "object_repr": "“我的老片库”之保存 “六公主”的电影磁带都放哪了？", "action_flag": 3, "change_message": ""}}, {"model": "admin.logentry", "pk": 174, "fields": {"action_time": "2019-06-18T01:12:12.529Z", "user": 2, "content_type": 16, "object_id": "25", "object_repr": "“我的老片库”之保存 “六公主”的电影磁带都放哪了？", "action_flag": 3, "change_message": ""}}, {"model": "admin.logentry", "pk": 175, "fields": {"action_time": "2019-06-18T01:12:12.646Z", "user": 2, "content_type": 16, "object_id": "24", "object_repr": "“我的老片库”之保存 “六公主”的电影磁带都放哪了？", "action_flag": 3, "change_message": ""}}, {"model": "admin.logentry", "pk": 176, "fields": {"action_time": "2019-06-18T01:12:12.789Z", "user": 2, "content_type": 16, "object_id": "23", "object_repr": "“我的老片库”之保存 “六公主”的电影磁带都放哪了？", "action_flag": 3, "change_message": ""}}, {"model": "admin.logentry", "pk": 177, "fields": {"action_time": "2019-06-18T01:12:12.896Z", "user": 2, "content_type": 16, "object_id": "22", "object_repr": "“我的老片库”之保存 “六公主”的电影磁带都放哪了？", "action_flag": 3, "change_message": ""}}, {"model": "admin.logentry", "pk": 178, "fields": {"action_time": "2019-06-18T01:12:13.019Z", "user": 2, "content_type": 16, "object_id": "21", "object_repr": "“我的老片库”之保存 “六公主”的电影磁带都放哪了？", "action_flag": 3, "change_message": ""}}, {"model": "admin.logentry", "pk": 179, "fields": {"action_time": "2019-06-18T01:12:13.128Z", "user": 2, "content_type": 16, "object_id": "20", "object_repr": "“我的老片库”之保存 “六公主”的电影磁带都放哪了？", "action_flag": 3, "change_message": ""}}, {"model": "admin.logentry", "pk": 180, "fields": {"action_time": "2019-06-18T01:12:13.236Z", "user": 2, "content_type": 16, "object_id": "19", "object_repr": "“我的老片库”之保存 “六公主”的电影磁带都放哪了？", "action_flag": 3, "change_message": ""}}, {"model": "admin.logentry", "pk": 181, "fields": {"action_time": "2019-06-18T01:12:13.361Z", "user": 2, "content_type": 16, "object_id": "18", "object_repr": "“我的老片库”之保存 “六公主”的电影磁带都放哪了？", "action_flag": 3, "change_message": ""}}, {"model": "admin.logentry", "pk": 182, "fields": {"action_time": "2019-06-18T01:12:13.450Z", "user": 2, "content_type": 16, "object_id": "17", "object_repr": "“我的老片库”之保存 “六公主”的电影磁带都放哪了？", "action_flag": 3, "change_message": ""}}, {"model": "admin.logentry", "pk": 183, "fields": {"action_time": "2019-06-18T01:12:13.573Z", "user": 2, "content_type": 16, "object_id": "16", "object_repr": "“我的老片库”之保存 “六公主”的电影磁带都放哪了？", "action_flag": 3, "change_message": ""}}, {"model": "admin.logentry", "pk": 184, "fields": {"action_time": "2019-06-18T01:12:13.706Z", "user": 2, "content_type": 16, "object_id": "15", "object_repr": "“我的老片库”之保存 “六公主”的电影磁带都放哪了？", "action_flag": 3, "change_message": ""}}, {"model": "admin.logentry", "pk": 185, "fields": {"action_time": "2019-06-18T01:12:13.840Z", "user": 2, "content_type": 16, "object_id": "14", "object_repr": "“我的老片库”之保存 “六公主”的电影磁带都放哪了？", "action_flag": 3, "change_message": ""}}, {"model": "admin.logentry", "pk": 186, "fields": {"action_time": "2019-06-18T01:12:13.971Z", "user": 2, "content_type": 16, "object_id": "13", "object_repr": "“我的老片库”之保存 “六公主”的电影磁带都放哪了？", "action_flag": 3, "change_message": ""}}, {"model": "admin.logentry", "pk": 187, "fields": {"action_time": "2019-06-18T01:12:14.052Z", "user": 2, "content_type": 16, "object_id": "12", "object_repr": "“我的老片库”之保存 “六公主”的电影磁带都放哪了？", "action_flag": 3, "change_message": ""}}, {"model": "admin.logentry", "pk": 188, "fields": {"action_time": "2019-06-18T01:12:14.151Z", "user": 2, "content_type": 16, "object_id": "11", "object_repr": "“我的老片库”之保存 “六公主”的电影磁带都放哪了？", "action_flag": 3, "change_message": ""}}, {"model": "admin.logentry", "pk": 189, "fields": {"action_time": "2019-06-18T01:12:14.262Z", "user": 2, "content_type": 16, "object_id": "10", "object_repr": "“我的老片库”之保存 “六公主”的电影磁带都放哪了？", "action_flag": 3, "change_message": ""}}, {"model": "admin.logentry", "pk": 190, "fields": {"action_time": "2019-06-18T01:12:20.647Z", "user": 2, "content_type": 16, "object_id": "9", "object_repr": "“我的老片库”之保存 “六公主”的电影磁带都放哪了？", "action_flag": 3, "change_message": ""}}, {"model": "admin.logentry", "pk": 191, "fields": {"action_time": "2019-06-18T01:12:20.774Z", "user": 2, "content_type": 16, "object_id": "8", "object_repr": "“我的老片库”之保存 “六公主”的电影磁带都放哪了？", "action_flag": 3, "change_message": ""}}, {"model": "admin.logentry", "pk": 192, "fields": {"action_time": "2019-06-18T01:12:20.948Z", "user": 2, "content_type": 16, "object_id": "7", "object_repr": "“我的老片库”之保存 “六公主”的电影磁带都放哪了？", "action_flag": 3, "change_message": ""}}, {"model": "admin.logentry", "pk": 193, "fields": {"action_time": "2019-06-18T01:12:21.110Z", "user": 2, "content_type": 16, "object_id": "6", "object_repr": "“我的老片库”之保存 “六公主”的电影磁带都放哪了？", "action_flag": 3, "change_message": ""}}, {"model": "admin.logentry", "pk": 194, "fields": {"action_time": "2019-06-18T01:12:21.199Z", "user": 2, "content_type": 16, "object_id": "5", "object_repr": "“我的老片库”之保存 “六公主”的电影磁带都放哪了？", "action_flag": 3, "change_message": ""}}, {"model": "admin.logentry", "pk": 195, "fields": {"action_time": "2019-06-18T01:12:21.299Z", "user": 2, "content_type": 16, "object_id": "4", "object_repr": "“我的老片库”之保存 “六公主”的电影磁带都放哪了？", "action_flag": 3, "change_message": ""}}, {"model": "admin.logentry", "pk": 196, "fields": {"action_time": "2019-06-18T01:12:21.422Z", "user": 2, "content_type": 16, "object_id": "3", "object_repr": "“我的老片库”之保存 “六公主”的电影磁带都放哪了？", "action_flag": 3, "change_message": ""}}, {"model": "admin.logentry", "pk": 197, "fields": {"action_time": "2019-06-18T01:12:21.532Z", "user": 2, "content_type": 16, "object_id": "2", "object_repr": "“我的老片库”之保存 “六公主”的电影磁带都放哪了？", "action_flag": 3, "change_message": ""}}, {"model": "admin.logentry", "pk": 198, "fields": {"action_time": "2019-06-18T01:12:21.644Z", "user": 2, "content_type": 16, "object_id": "1", "object_repr": "“我的老片库”之保存 “六公主”的电影磁带都放哪了？", "action_flag": 3, "change_message": ""}}, {"model": "admin.logentry", "pk": 199, "fields": {"action_time": "2019-06-18T01:18:29.140Z", "user": 2, "content_type": 16, "object_id": "218", "object_repr": "“我的老片库”之保存 “六公主”的电影磁带都放哪了？", "action_flag": 3, "change_message": ""}}, {"model": "admin.logentry", "pk": 200, "fields": {"action_time": "2019-06-18T01:18:29.242Z", "user": 2, "content_type": 16, "object_id": "217", "object_repr": "“我的老片库”之修复 “六公主”助影迷感受电影魅力", "action_flag": 3, "change_message": ""}}, {"model": "admin.logentry", "pk": 201, "fields": {"action_time": "2019-06-18T01:18:29.348Z", "user": 2, "content_type": 16, "object_id": "216", "object_repr": "“我的老片库”之使命 “六公主”坚守电影人光影初心", "action_flag": 3, "change_message": ""}}, {"model": "admin.logentry", "pk": 202, "fields": {"action_time": "2019-06-18T01:18:29.460Z", "user": 2, "content_type": 16, "object_id": "215", "object_repr": "法律给盗版电影一个说法：做盗版，你的未来就是进监狱", "action_flag": 3, "change_message": ""}}, {"model": "admin.logentry", "pk": 203, "fields": {"action_time": "2019-06-18T01:18:29.559Z", "user": 2, "content_type": 16, "object_id": "214", "object_repr": "12岁男孩为何状告父母？《何以为家》带你走近你不愿相信的真实", "action_flag": 3, "change_message": ""}}, {"model": "admin.logentry", "pk": 204, "fields": {"action_time": "2019-06-18T01:18:29.715Z", "user": 2, "content_type": 16, "object_id": "213", "object_repr": "从《港珠澳大桥》看纪录片中国化：国之重器，巧夺天工", "action_flag": 3, "change_message": ""}}, {"model": "admin.logentry", "pk": 205, "fields": {"action_time": "2019-06-18T01:18:29.828Z", "user": 2, "content_type": 16, "object_id": "212", "object_repr": "京剧重获新生？专家带你解读京剧电影《进京城》的价值与意义", "action_flag": 3, "change_message": ""}}, {"model": "admin.logentry", "pk": 206, "fields": {"action_time": "2019-06-18T01:18:29.926Z", "user": 2, "content_type": 16, "object_id": "211", "object_repr": "金砖五国合作《半边天》 如何用电影为女性发声？", "action_flag": 3, "change_message": ""}}, {"model": "admin.logentry", "pk": 207, "fields": {"action_time": "2019-06-18T01:18:30.025Z", "user": 2, "content_type": 16, "object_id": "210", "object_repr": "浅评《罗马》：科幻导演拍出家庭片，何以成为奖项收割机？", "action_flag": 3, "change_message": ""}}, {"model": "admin.logentry", "pk": 208, "fields": {"action_time": "2019-06-18T01:18:30.137Z", "user": 2, "content_type": 16, "object_id": "209", "object_repr": "《周恩来回延安》前瞻：伟人贴近生活，平实的表现感人至深", "action_flag": 3, "change_message": ""}}, {"model": "admin.logentry", "pk": 209, "fields": {"action_time": "2019-06-18T01:18:30.248Z", "user": 2, "content_type": 16, "object_id": "208", "object_repr": "聚焦“亚洲影视周”：文明与时偕行，商业文艺共发展", "action_flag": 3, "change_message": ""}}, {"model": "admin.logentry", "pk": 210, "fields": {"action_time": "2019-06-18T01:18:30.349Z", "user": 2, "content_type": 16, "object_id": "207", "object_repr": "聚焦2019亚洲电影展：佳片云集文明互鉴，共筑亚洲命运共同体", "action_flag": 3, "change_message": ""}}, {"model": "admin.logentry", "pk": 211, "fields": {"action_time": "2019-06-18T01:18:30.459Z", "user": 2, "content_type": 16, "object_id": "206", "object_repr": "聚焦亚洲影视周：贾樟柯领衔电影大师对话，群贤毕至异彩纷呈", "action_flag": 3, "change_message": ""}}, {"model": "admin.logentry", "pk": 212, "fields": {"action_time": "2019-06-18T01:18:30.572Z", "user": 2, "content_type": 16, "object_id": "205", "object_repr": "经久不衰的老电影：英雄史诗永不褪色，经典堪为时代赞歌", "action_flag": 3, "change_message": ""}}, {"model": "admin.logentry", "pk": 213, "fields": {"action_time": "2019-06-18T01:18:30.660Z", "user": 2, "content_type": 16, "object_id": "204", "object_repr": "从《海蒂和爷爷》看隔代亲：爱非溺爱，陪伴沟通架构亲子桥梁", "action_flag": 3, "change_message": ""}}, {"model": "admin.logentry", "pk": 214, "fields": {"action_time": "2019-06-18T01:18:30.760Z", "user": 2, "content_type": 16, "object_id": "203", "object_repr": "亚洲文明对话大会：思维碰撞文化互鉴，挑战与机遇并行", "action_flag": 3, "change_message": ""}}, {"model": "admin.logentry", "pk": 215, "fields": {"action_time": "2019-06-18T01:18:30.871Z", "user": 2, "content_type": 16, "object_id": "202", "object_repr": "落下帷幕的影视周：文明大会盛况空前，博采众长方能携伴而行", "action_flag": 3, "change_message": ""}}, {"model": "admin.logentry", "pk": 216, "fields": {"action_time": "2019-06-18T01:18:30.970Z", "user": 2, "content_type": 16, "object_id": "201", "object_repr": "解析《企鹅公路》的多种解读 如何带您找回童年感觉？", "action_flag": 3, "change_message": ""}}, {"model": "admin.logentry", "pk": 217, "fields": {"action_time": "2019-06-18T01:18:31.073Z", "user": 2, "content_type": 16, "object_id": "200", "object_repr": "刘昊然《双生》口碑遇冷？大胆创新的背后，是亟待完善的细节", "action_flag": 3, "change_message": ""}}, {"model": "admin.logentry", "pk": 218, "fields": {"action_time": "2019-06-18T01:18:31.171Z", "user": 2, "content_type": 16, "object_id": "199", "object_repr": "当动漫成为文化潮流：35年《龙珠》，背后是两代人的青春", "action_flag": 3, "change_message": ""}}, {"model": "admin.logentry", "pk": 219, "fields": {"action_time": "2019-06-18T01:18:31.280Z", "user": 2, "content_type": 16, "object_id": "198", "object_repr": "当五月天走上影院银幕：是青春的出口，也是文化的记载传递", "action_flag": 3, "change_message": ""}}, {"model": "admin.logentry", "pk": 220, "fields": {"action_time": "2019-06-18T01:18:31.393Z", "user": 2, "content_type": 16, "object_id": "197", "object_repr": "浅评《大大哒》：当美被他人严格定义，快乐终将成为伪命题", "action_flag": 3, "change_message": ""}}, {"model": "admin.logentry", "pk": 221, "fields": {"action_time": "2019-06-18T01:18:31.514Z", "user": 2, "content_type": 16, "object_id": "196", "object_repr": "职场电影缺席市场的背后：为何国内职场电影与实际相去甚远？", "action_flag": 3, "change_message": ""}}, {"model": "admin.logentry", "pk": 222, "fields": {"action_time": "2019-06-18T01:18:31.626Z", "user": 2, "content_type": 16, "object_id": "195", "object_repr": "《比悲伤更悲伤的故事》好在哪儿 “鸡精汤”怎样才能更高级？", "action_flag": 3, "change_message": ""}}, {"model": "admin.logentry", "pk": 223, "fields": {"action_time": "2019-06-18T01:18:31.727Z", "user": 2, "content_type": 16, "object_id": "194", "object_repr": "在国产青春片不被看好的当下 《老师·好》如何成功逆袭？", "action_flag": 3, "change_message": ""}}, {"model": "admin.logentry", "pk": 224, "fields": {"action_time": "2019-06-18T01:18:31.827Z", "user": 2, "content_type": 16, "object_id": "193", "object_repr": "用光影向消防队员致敬 作为电影人还能为英雄做些什么？", "action_flag": 3, "change_message": ""}}, {"model": "admin.logentry", "pk": 225, "fields": {"action_time": "2019-06-18T01:18:31.947Z", "user": 2, "content_type": 16, "object_id": "192", "object_repr": "从《人间·喜剧》出发看喜剧电影究竟该如何营销？", "action_flag": 3, "change_message": ""}}, {"model": "admin.logentry", "pk": 226, "fields": {"action_time": "2019-06-18T01:18:32.056Z", "user": 2, "content_type": 16, "object_id": "191", "object_repr": "清明节缅怀英烈铭记历史 如何在光影中传承英雄精神？", "action_flag": 3, "change_message": ""}}, {"model": "admin.logentry", "pk": 227, "fields": {"action_time": "2019-06-18T01:18:32.155Z", "user": 2, "content_type": 16, "object_id": "190", "object_repr": "《麦兜我和我妈妈》重映记 除了感动还有什么？", "action_flag": 3, "change_message": ""}}, {"model": "admin.logentry", "pk": 228, "fields": {"action_time": "2019-06-18T01:18:32.267Z", "user": 2, "content_type": 16, "object_id": "189", "object_repr": "《海市蜃楼》破谜案 通过道具解锁导演的小心思", "action_flag": 3, "change_message": ""}}, {"model": "admin.logentry", "pk": 229, "fields": {"action_time": "2019-06-18T01:18:32.475Z", "user": 2, "content_type": 16, "object_id": "188", "object_repr": "透过《反贪风暴4》看系列港片如何延续竞争力", "action_flag": 3, "change_message": ""}}, {"model": "admin.logentry", "pk": 230, "fields": {"action_time": "2019-06-18T01:18:32.576Z", "user": 2, "content_type": 16, "object_id": "187", "object_repr": "《调音师》解析 由短片改编成电影是否走了捷径？", "action_flag": 3, "change_message": ""}}, {"model": "admin.logentry", "pk": 231, "fields": {"action_time": "2019-06-18T01:18:32.678Z", "user": 2, "content_type": 16, "object_id": "186", "object_repr": "“AI换脸”技术来了别担心 常用美颜、滤镜更安全", "action_flag": 3, "change_message": ""}}, {"model": "admin.logentry", "pk": 232, "fields": {"action_time": "2019-06-18T01:18:32.778Z", "user": 2, "content_type": 16, "object_id": "185", "object_repr": "当“黑洞”遇上“脑洞” 科幻电影可以怎么拍？", "action_flag": 3, "change_message": ""}}, {"model": "admin.logentry", "pk": 233, "fields": {"action_time": "2019-06-18T01:18:32.934Z", "user": 2, "content_type": 16, "object_id": "184", "object_repr": "第九届北影节为什么会选择《音乐家》作为开幕影片？", "action_flag": 3, "change_message": ""}}, {"model": "admin.logentry", "pk": 234, "fields": {"action_time": "2019-06-18T01:18:33.057Z", "user": 2, "content_type": 16, "object_id": "183", "object_repr": "《如影随心》关照现实生活 主角名字暗藏玄机等你揭晓", "action_flag": 3, "change_message": ""}}, {"model": "admin.logentry", "pk": 235, "fields": {"action_time": "2019-06-18T01:18:33.312Z", "user": 2, "content_type": 16, "object_id": "182", "object_repr": "独家解析《狗眼看人心》带给观众怎样的思考？", "action_flag": 3, "change_message": ""}}, {"model": "admin.logentry", "pk": 236, "fields": {"action_time": "2019-06-18T01:18:33.682Z", "user": 2, "content_type": 16, "object_id": "181", "object_repr": "“北京大妞”不端着 北京国际电影节竟是这种人设？", "action_flag": 3, "change_message": ""}}, {"model": "admin.logentry", "pk": 237, "fields": {"action_time": "2019-06-18T01:18:34.102Z", "user": 2, "content_type": 16, "object_id": "180", "object_repr": "聊聊第九届北京国际电影节的“家·国”情怀", "action_flag": 3, "change_message": ""}}, {"model": "admin.logentry", "pk": 238, "fields": {"action_time": "2019-06-18T01:18:34.280Z", "user": 2, "content_type": 16, "object_id": "179", "object_repr": "《撞死了一只羊》有何底气正面冲撞《复仇者联盟4：终局之战》？", "action_flag": 3, "change_message": ""}}, {"model": "admin.logentry", "pk": 239, "fields": {"action_time": "2019-06-18T01:18:34.482Z", "user": 2, "content_type": 16, "object_id": "178", "object_repr": "专业电影翻译人带你从全新的视角解读《复仇者联盟》", "action_flag": 3, "change_message": ""}}, {"model": "admin.logentry", "pk": 240, "fields": {"action_time": "2019-06-18T01:18:34.648Z", "user": 2, "content_type": 16, "object_id": "177", "object_repr": "“复联4”作为漫威影业旧系列的终结与新系列的开始意义何在？", "action_flag": 3, "change_message": ""}}, {"model": "admin.logentry", "pk": 241, "fields": {"action_time": "2019-06-18T01:18:34.857Z", "user": 2, "content_type": 16, "object_id": "176", "object_repr": "《雪暴》剧本有何魅力可以集结张震、廖凡、黄觉齐加盟？", "action_flag": 3, "change_message": ""}}, {"model": "admin.logentry", "pk": 242, "fields": {"action_time": "2019-06-18T01:18:35.030Z", "user": 2, "content_type": 16, "object_id": "175", "object_repr": "“我的老片库”之缘起 “六公主”的那些宝藏电影都是怎么来的？", "action_flag": 3, "change_message": ""}}, {"model": "admin.logentry", "pk": 243, "fields": {"action_time": "2019-06-18T01:18:35.388Z", "user": 2, "content_type": 16, "object_id": "174", "object_repr": "“我的老片库”之归档 “六公主”那么多宝藏电影如何快速查找", "action_flag": 3, "change_message": ""}}, {"model": "admin.logentry", "pk": 244, "fields": {"action_time": "2019-06-18T01:18:35.623Z", "user": 2, "content_type": 16, "object_id": "173", "object_repr": "两会前夕全国电影工作座谈会召开 传递出哪些重要信号", "action_flag": 3, "change_message": ""}}, {"model": "admin.logentry", "pk": 245, "fields": {"action_time": "2019-06-18T01:18:35.778Z", "user": 2, "content_type": 16, "object_id": "172", "object_repr": "关注全国“两会” 探讨“新时代电影”的发展方向", "action_flag": 3, "change_message": ""}}, {"model": "admin.logentry", "pk": 246, "fields": {"action_time": "2019-06-18T01:18:35.931Z", "user": 2, "content_type": 16, "object_id": "171", "object_repr": "关注全国“两会” 探讨中国电影如何提升国际影响力", "action_flag": 3, "change_message": ""}}, {"model": "admin.logentry", "pk": 247, "fields": {"action_time": "2019-06-18T01:18:36.056Z", "user": 2, "content_type": 16, "object_id": "170", "object_repr": "关注全国“两会” 如何通过电影提升国家文化软实力", "action_flag": 3, "change_message": ""}}, {"model": "admin.logentry", "pk": 248, "fields": {"action_time": "2019-06-18T01:18:36.178Z", "user": 2, "content_type": 16, "object_id": "169", "object_repr": "关注全国“两会” 探讨新时代下的中国电影评论", "action_flag": 3, "change_message": ""}}, {"model": "admin.logentry", "pk": 249, "fields": {"action_time": "2019-06-18T01:18:36.288Z", "user": 2, "content_type": 16, "object_id": "168", "object_repr": "关注全国“两会” 委员成龙分享电影人的扶贫心得", "action_flag": 3, "change_message": ""}}, {"model": "admin.logentry", "pk": 250, "fields": {"action_time": "2019-06-18T01:18:36.401Z", "user": 2, "content_type": 16, "object_id": "167", "object_repr": "关注全国“两会” 中国电影的行业规范需进一步完善管理机制", "action_flag": 3, "change_message": ""}}, {"model": "admin.logentry", "pk": 251, "fields": {"action_time": "2019-06-18T01:18:36.628Z", "user": 2, "content_type": 16, "object_id": "166", "object_repr": "关注全国“两会” 导演管虎为中国电影创作建言献策", "action_flag": 3, "change_message": ""}}, {"model": "admin.logentry", "pk": 252, "fields": {"action_time": "2019-06-18T01:18:36.768Z", "user": 2, "content_type": 16, "object_id": "165", "object_repr": "关注全国“两会” 冯远征为中国电影“兴文化”发声", "action_flag": 3, "change_message": ""}}, {"model": "admin.logentry", "pk": 253, "fields": {"action_time": "2019-06-18T01:18:36.901Z", "user": 2, "content_type": 16, "object_id": "164", "object_repr": "关注全国“两会” 探讨新时代中国电影人如何凝心聚力举旗帜", "action_flag": 3, "change_message": ""}}, {"model": "admin.logentry", "pk": 254, "fields": {"action_time": "2019-06-18T01:18:37.056Z", "user": 2, "content_type": 16, "object_id": "163", "object_repr": "认认真真活自己 演员撕掉“人设”还剩下什么？", "action_flag": 3, "change_message": ""}}, {"model": "admin.logentry", "pk": 255, "fields": {"action_time": "2019-06-18T01:18:37.191Z", "user": 2, "content_type": 16, "object_id": "162", "object_repr": "走一趟真的能够荡涤灵魂？ 电影人请你放过西藏景区", "action_flag": 3, "change_message": ""}}, {"model": "admin.logentry", "pk": 256, "fields": {"action_time": "2019-06-18T01:18:37.356Z", "user": 2, "content_type": 16, "object_id": "161", "object_repr": "独家解析：《流浪地球》的视觉特效能值多少票房？", "action_flag": 3, "change_message": ""}}, {"model": "admin.logentry", "pk": 257, "fields": {"action_time": "2019-06-18T01:18:37.469Z", "user": 2, "content_type": 16, "object_id": "160", "object_repr": "独家解析《阳台上》到底是不是一部“圈钱”的电影？", "action_flag": 3, "change_message": ""}}, {"model": "admin.logentry", "pk": 258, "fields": {"action_time": "2019-06-18T01:18:37.756Z", "user": 2, "content_type": 16, "object_id": "159", "object_repr": "数据造假现象肆虐 影视行业何时能“脱水”？", "action_flag": 3, "change_message": ""}}, {"model": "admin.logentry", "pk": 259, "fields": {"action_time": "2019-06-18T01:18:37.922Z", "user": 2, "content_type": 16, "object_id": "158", "object_repr": "教你手撕“冒牌”经纪团队 营造良性行业氛围", "action_flag": 3, "change_message": ""}}, {"model": "admin.logentry", "pk": 260, "fields": {"action_time": "2019-06-18T01:18:38.169Z", "user": 2, "content_type": 16, "object_id": "157", "object_repr": "《地久天长》没有热映却引来热议的原因在哪儿？", "action_flag": 3, "change_message": ""}}, {"model": "admin.logentry", "pk": 261, "fields": {"action_time": "2019-06-18T01:18:38.390Z", "user": 2, "content_type": 16, "object_id": "156", "object_repr": "《波西米亚狂想曲》大奖拿不停 却为何依旧争议颇多？", "action_flag": 3, "change_message": ""}}, {"model": "admin.logentry", "pk": 262, "fields": {"action_time": "2019-06-18T01:18:38.527Z", "user": 2, "content_type": 16, "object_id": "155", "object_repr": "中国银幕上映外片为何总有时差？解读批片市场“众生相”", "action_flag": 3, "change_message": ""}}, {"model": "admin.logentry", "pk": 263, "fields": {"action_time": "2019-06-18T01:18:38.657Z", "user": 2, "content_type": 16, "object_id": "154", "object_repr": "独家解析《小飞象》：当迪士尼童话遇到蒂姆·波顿", "action_flag": 3, "change_message": ""}}, {"model": "admin.logentry", "pk": 264, "fields": {"action_time": "2019-06-18T01:18:38.880Z", "user": 2, "content_type": 16, "object_id": "153", "object_repr": "映前解析《神探蒲松龄》 新鲜元素重塑经典助力团圆年", "action_flag": 3, "change_message": ""}}, {"model": "admin.logentry", "pk": 265, "fields": {"action_time": "2019-06-18T01:18:39.057Z", "user": 2, "content_type": 16, "object_id": "152", "object_repr": "2019新春电影年夜饭品鉴：繁花似锦 百花盛开", "action_flag": 3, "change_message": ""}}, {"model": "admin.logentry", "pk": 266, "fields": {"action_time": "2019-06-18T01:18:39.168Z", "user": 2, "content_type": 16, "object_id": "151", "object_repr": "《疯狂的外星人》映后解读 宁浩带您亲密接触外星人", "action_flag": 3, "change_message": ""}}, {"model": "admin.logentry", "pk": 267, "fields": {"action_time": "2019-06-18T01:18:39.329Z", "user": 2, "content_type": 16, "object_id": "150", "object_repr": "与韩寒一起开启飞驰之旅 解读《飞驰人生》何以驰骋春节档", "action_flag": 3, "change_message": ""}}, {"model": "admin.logentry", "pk": 268, "fields": {"action_time": "2019-06-18T01:18:39.458Z", "user": 2, "content_type": 16, "object_id": "149", "object_repr": "鄂靖文带您解析《新喜剧之王》 经典回归背后的意义和探索", "action_flag": 3, "change_message": ""}}, {"model": "admin.logentry", "pk": 269, "fields": {"action_time": "2019-06-18T01:18:39.591Z", "user": 2, "content_type": 16, "object_id": "148", "object_repr": "独家解析《流浪地球》中国表达带给科幻的独特情怀", "action_flag": 3, "change_message": ""}}, {"model": "admin.logentry", "pk": 270, "fields": {"action_time": "2019-06-18T01:18:39.768Z", "user": 2, "content_type": 16, "object_id": "147", "object_repr": "三探《神探蒲松龄》 电影顽童成龙重焕经典玩出古装新花样", "action_flag": 3, "change_message": ""}}, {"model": "admin.logentry", "pk": 271, "fields": {"action_time": "2019-06-18T01:18:39.895Z", "user": 2, "content_type": 16, "object_id": "146", "object_repr": "从中国功夫到世界先生 成龙如何得到了世界认可？", "action_flag": 3, "change_message": ""}}, {"model": "admin.logentry", "pk": 272, "fields": {"action_time": "2019-06-18T01:18:40.054Z", "user": 2, "content_type": 16, "object_id": "145", "object_repr": "《小猪佩奇过大年》解析 带您重新认识佩奇和它的家人们", "action_flag": 3, "change_message": ""}}, {"model": "admin.logentry", "pk": 273, "fields": {"action_time": "2019-06-18T01:18:40.168Z", "user": 2, "content_type": 16, "object_id": "144", "object_repr": "情人节观影指南：看这些电影是找糖吃还是找罪受？", "action_flag": 3, "change_message": ""}}, {"model": "admin.logentry", "pk": 274, "fields": {"action_time": "2019-06-18T01:18:40.294Z", "user": 2, "content_type": 16, "object_id": "143", "object_repr": "《飞驰人生》客观试驾 用真实的速度展现热血的故事", "action_flag": 3, "change_message": ""}}, {"model": "admin.logentry", "pk": 275, "fields": {"action_time": "2019-06-18T01:18:40.412Z", "user": 2, "content_type": 16, "object_id": "142", "object_repr": "短视频营销别“玩”过了 货不对板当心出现反作用", "action_flag": 3, "change_message": ""}}, {"model": "admin.logentry", "pk": 276, "fields": {"action_time": "2019-06-18T01:18:40.534Z", "user": 2, "content_type": 16, "object_id": "141", "object_repr": "透过春节档看中国科幻片如何在科技助力下高速腾飞？", "action_flag": 3, "change_message": ""}}, {"model": "admin.logentry", "pk": 277, "fields": {"action_time": "2019-06-18T01:18:40.645Z", "user": 2, "content_type": 16, "object_id": "140", "object_repr": "《阿丽塔：战斗天使》能否燃爆市场？ 女版孙悟空受期待", "action_flag": 3, "change_message": ""}}, {"model": "admin.logentry", "pk": 278, "fields": {"action_time": "2019-06-18T01:18:40.757Z", "user": 2, "content_type": 16, "object_id": "139", "object_repr": "《朝花夕誓》不只是二次元 突破局限才能不被埋没", "action_flag": 3, "change_message": ""}}, {"model": "admin.logentry", "pk": 279, "fields": {"action_time": "2019-06-18T01:18:40.900Z", "user": 2, "content_type": 16, "object_id": "138", "object_repr": "《流浪地球》过后 我们距离《三体》究竟有多远？", "action_flag": 3, "change_message": ""}}, {"model": "admin.logentry", "pk": 280, "fields": {"action_time": "2019-06-18T01:18:41.124Z", "user": 2, "content_type": 16, "object_id": "137", "object_repr": "《绿皮书》缘何打败《罗马》成为奥斯卡最后赢家？", "action_flag": 3, "change_message": ""}}, {"model": "admin.logentry", "pk": 281, "fields": {"action_time": "2019-06-18T01:18:41.247Z", "user": 2, "content_type": 16, "object_id": "136", "object_repr": "扶贫纪录片《三变山变》如何拉近与青年观众的距离？", "action_flag": 3, "change_message": ""}}, {"model": "admin.logentry", "pk": 282, "fields": {"action_time": "2019-06-18T01:18:41.356Z", "user": 2, "content_type": 16, "object_id": "135", "object_repr": "《惊奇队长》变“惊奇大妈”？ 这次漫威就是要给你不一样", "action_flag": 3, "change_message": ""}}, {"model": "admin.logentry", "pk": 283, "fields": {"action_time": "2019-06-18T01:18:41.479Z", "user": 2, "content_type": 16, "object_id": "134", "object_repr": "《驯龙高手3》：如何用他国文化为好莱坞“带货”？", "action_flag": 3, "change_message": ""}}, {"model": "admin.logentry", "pk": 284, "fields": {"action_time": "2019-06-18T01:18:41.594Z", "user": 2, "content_type": 16, "object_id": "133", "object_repr": "开启2019中国电影新篇章 期待在光影的高原上有多高峰挺立", "action_flag": 3, "change_message": ""}}, {"model": "admin.logentry", "pk": 285, "fields": {"action_time": "2019-06-18T01:18:41.723Z", "user": 2, "content_type": 16, "object_id": "132", "object_repr": "如果把生活比作电影 你会给2018年取一个什么片名呢？", "action_flag": 3, "change_message": ""}}, {"model": "admin.logentry", "pk": 286, "fields": {"action_time": "2019-06-18T01:18:41.824Z", "user": 2, "content_type": 16, "object_id": "131", "object_repr": "2019春节档喜剧电影仍占主力 科幻电影异军突起", "action_flag": 3, "change_message": ""}}, {"model": "admin.logentry", "pk": 287, "fields": {"action_time": "2019-06-18T01:18:41.923Z", "user": 2, "content_type": 16, "object_id": "130", "object_repr": "《大黄蜂》伴你同行 “改头换面”之后还你真童年", "action_flag": 3, "change_message": ""}}, {"model": "admin.logentry", "pk": 288, "fields": {"action_time": "2019-06-18T01:18:42.010Z", "user": 2, "content_type": 16, "object_id": "129", "object_repr": "2018中国电影年度调查报告 用数据洞悉中国电影市场发展", "action_flag": 3, "change_message": ""}}, {"model": "admin.logentry", "pk": 289, "fields": {"action_time": "2019-06-18T01:18:42.102Z", "user": 2, "content_type": 16, "object_id": "128", "object_repr": "《来电狂响》不止是电影 还有隐藏在手机中的啼笑人生", "action_flag": 3, "change_message": ""}}, {"model": "admin.logentry", "pk": 290, "fields": {"action_time": "2019-06-18T01:18:42.210Z", "user": 2, "content_type": 16, "object_id": "127", "object_repr": "《地球最后的夜晚》选错档期？ 好坏定论还需留给时间", "action_flag": 3, "change_message": ""}}, {"model": "admin.logentry", "pk": 291, "fields": {"action_time": "2019-06-18T01:18:42.347Z", "user": 2, "content_type": 16, "object_id": "126", "object_repr": "“葛大爷”的新尝试有点跑偏 小岳岳醉酒卖海豚莫名其妙", "action_flag": 3, "change_message": ""}}, {"model": "admin.logentry", "pk": 292, "fields": {"action_time": "2019-06-18T01:18:42.524Z", "user": 2, "content_type": 16, "object_id": "125", "object_repr": "《四个春天》用影像记录生活 让平凡日子开出花", "action_flag": 3, "change_message": ""}}, {"model": "admin.logentry", "pk": 293, "fields": {"action_time": "2019-06-18T01:18:42.641Z", "user": 2, "content_type": 16, "object_id": "124", "object_repr": "寒假档“动画电影大礼包”拆解：不再是孩子们的专利", "action_flag": 3, "change_message": ""}}, {"model": "admin.logentry", "pk": 294, "fields": {"action_time": "2019-06-18T01:18:42.812Z", "user": 2, "content_type": 16, "object_id": "123", "object_repr": "《奎迪：英雄再起》独家解析 走进电影史上的拳击传奇", "action_flag": 3, "change_message": ""}}, {"model": "admin.logentry", "pk": 295, "fields": {"action_time": "2019-06-18T01:18:42.923Z", "user": 2, "content_type": 16, "object_id": "122", "object_repr": "《中国推销员》李东学化身打不死的小强 用力过猛略显遗憾", "action_flag": 3, "change_message": ""}}, {"model": "admin.logentry", "pk": 296, "fields": {"action_time": "2019-06-18T01:18:43.046Z", "user": 2, "content_type": 16, "object_id": "121", "object_repr": "这里的警察不太冷！《“大”人物》打开警察形象新大门", "action_flag": 3, "change_message": ""}}, {"model": "admin.logentry", "pk": 297, "fields": {"action_time": "2019-06-18T01:18:43.160Z", "user": 2, "content_type": 16, "object_id": "120", "object_repr": "《白蛇：缘起》独家解析 畅聊白娘子和许仙的前世今生", "action_flag": 3, "change_message": ""}}, {"model": "admin.logentry", "pk": 298, "fields": {"action_time": "2019-06-18T01:18:43.262Z", "user": 2, "content_type": 16, "object_id": "119", "object_repr": "独家解析《养家之人》传递出怎样的人文关怀？", "action_flag": 3, "change_message": ""}}, {"model": "admin.logentry", "pk": 299, "fields": {"action_time": "2019-06-18T01:18:43.368Z", "user": 2, "content_type": 16, "object_id": "118", "object_repr": "《密室逃生》一起破解谜题 似曾相识却又新意满满", "action_flag": 3, "change_message": ""}}, {"model": "admin.logentry", "pk": 300, "fields": {"action_time": "2019-06-18T01:18:43.491Z", "user": 2, "content_type": 16, "object_id": "117", "object_repr": "《掠食城市》战斗场面值回票价 燃料不足还需加把火", "action_flag": 3, "change_message": ""}}, {"model": "admin.logentry", "pk": 301, "fields": {"action_time": "2019-06-18T01:18:43.589Z", "user": 2, "content_type": 16, "object_id": "116", "object_repr": "《战斗民族养成记》应景又应情 教如何“拜见岳父大人”", "action_flag": 3, "change_message": ""}}, {"model": "admin.logentry", "pk": 302, "fields": {"action_time": "2019-06-18T01:18:43.777Z", "user": 2, "content_type": 16, "object_id": "115", "object_repr": "《新喜剧之王》回归本心 “粗制滥造”的预告片是障眼法吗？", "action_flag": 3, "change_message": ""}}, {"model": "admin.logentry", "pk": 303, "fields": {"action_time": "2019-06-18T01:18:43.935Z", "user": 2, "content_type": 16, "object_id": "114", "object_repr": "“麦庄”重拳出击春节档 《廉政风云》能否另辟蹊径？", "action_flag": 3, "change_message": ""}}, {"model": "admin.logentry", "pk": 304, "fields": {"action_time": "2019-06-18T01:18:44.058Z", "user": 2, "content_type": 16, "object_id": "113", "object_repr": "《死侍2：我爱我家》为春节档暖场 “话痨”英雄魅力何在？", "action_flag": 3, "change_message": ""}}, {"model": "admin.logentry", "pk": 305, "fields": {"action_time": "2019-06-18T01:18:44.201Z", "user": 2, "content_type": 16, "object_id": "112", "object_repr": "映前解析《疯狂的外星人》 能否带来春节档的疯狂？", "action_flag": 3, "change_message": ""}}, {"model": "admin.logentry", "pk": 306, "fields": {"action_time": "2019-06-18T01:18:44.334Z", "user": 2, "content_type": 16, "object_id": "111", "object_repr": "映前解析《飞驰人生》 能否赢在“春节档”起跑线上？", "action_flag": 3, "change_message": ""}}, {"model": "admin.logentry", "pk": 307, "fields": {"action_time": "2019-06-18T01:18:44.446Z", "user": 2, "content_type": 16, "object_id": "110", "object_repr": "映前解析《流浪地球》 中国科幻电影最大的一次冒险", "action_flag": 3, "change_message": ""}}, {"model": "admin.logentry", "pk": 308, "fields": {"action_time": "2019-06-18T03:12:00.448Z", "user": 2, "content_type": 16, "object_id": "327", "object_repr": "“我的老片库”之保存 “六公主”的电影磁带都放哪了？", "action_flag": 3, "change_message": ""}}, {"model": "admin.logentry", "pk": 309, "fields": {"action_time": "2019-06-18T03:12:00.646Z", "user": 2, "content_type": 16, "object_id": "326", "object_repr": "“我的老片库”之修复 “六公主”助影迷感受电影魅力", "action_flag": 3, "change_message": ""}}, {"model": "admin.logentry", "pk": 310, "fields": {"action_time": "2019-06-18T03:12:00.798Z", "user": 2, "content_type": 16, "object_id": "325", "object_repr": "“我的老片库”之使命 “六公主”坚守电影人光影初心", "action_flag": 3, "change_message": ""}}, {"model": "admin.logentry", "pk": 311, "fields": {"action_time": "2019-06-18T03:12:00.909Z", "user": 2, "content_type": 16, "object_id": "324", "object_repr": "法律给盗版电影一个说法：做盗版，你的未来就是进监狱", "action_flag": 3, "change_message": ""}}, {"model": "admin.logentry", "pk": 312, "fields": {"action_time": "2019-06-18T03:12:01.009Z", "user": 2, "content_type": 16, "object_id": "323", "object_repr": "12岁男孩为何状告父母？《何以为家》带你走近你不愿相信的真实", "action_flag": 3, "change_message": ""}}, {"model": "admin.logentry", "pk": 313, "fields": {"action_time": "2019-06-18T03:12:01.131Z", "user": 2, "content_type": 16, "object_id": "322", "object_repr": "从《港珠澳大桥》看纪录片中国化：国之重器，巧夺天工", "action_flag": 3, "change_message": ""}}, {"model": "admin.logentry", "pk": 314, "fields": {"action_time": "2019-06-18T03:12:01.242Z", "user": 2, "content_type": 16, "object_id": "321", "object_repr": "京剧重获新生？专家带你解读京剧电影《进京城》的价值与意义", "action_flag": 3, "change_message": ""}}, {"model": "admin.logentry", "pk": 315, "fields": {"action_time": "2019-06-18T03:12:01.339Z", "user": 2, "content_type": 16, "object_id": "320", "object_repr": "金砖五国合作《半边天》 如何用电影为女性发声？", "action_flag": 3, "change_message": ""}}, {"model": "admin.logentry", "pk": 316, "fields": {"action_time": "2019-06-18T03:12:01.442Z", "user": 2, "content_type": 16, "object_id": "319", "object_repr": "浅评《罗马》：科幻导演拍出家庭片，何以成为奖项收割机？", "action_flag": 3, "change_message": ""}}, {"model": "admin.logentry", "pk": 317, "fields": {"action_time": "2019-06-18T03:12:01.542Z", "user": 2, "content_type": 16, "object_id": "318", "object_repr": "《周恩来回延安》前瞻：伟人贴近生活，平实的表现感人至深", "action_flag": 3, "change_message": ""}}, {"model": "admin.logentry", "pk": 318, "fields": {"action_time": "2019-06-18T03:12:01.654Z", "user": 2, "content_type": 16, "object_id": "317", "object_repr": "聚焦“亚洲影视周”：文明与时偕行，商业文艺共发展", "action_flag": 3, "change_message": ""}}, {"model": "admin.logentry", "pk": 319, "fields": {"action_time": "2019-06-18T03:12:01.764Z", "user": 2, "content_type": 16, "object_id": "316", "object_repr": "聚焦2019亚洲电影展：佳片云集文明互鉴，共筑亚洲命运共同体", "action_flag": 3, "change_message": ""}}, {"model": "admin.logentry", "pk": 320, "fields": {"action_time": "2019-06-18T03:12:01.886Z", "user": 2, "content_type": 16, "object_id": "315", "object_repr": "聚焦亚洲影视周：贾樟柯领衔电影大师对话，群贤毕至异彩纷呈", "action_flag": 3, "change_message": ""}}, {"model": "admin.logentry", "pk": 321, "fields": {"action_time": "2019-06-18T03:12:01.985Z", "user": 2, "content_type": 16, "object_id": "314", "object_repr": "经久不衰的老电影：英雄史诗永不褪色，经典堪为时代赞歌", "action_flag": 3, "change_message": ""}}, {"model": "admin.logentry", "pk": 322, "fields": {"action_time": "2019-06-18T03:12:02.118Z", "user": 2, "content_type": 16, "object_id": "313", "object_repr": "从《海蒂和爷爷》看隔代亲：爱非溺爱，陪伴沟通架构亲子桥梁", "action_flag": 3, "change_message": ""}}, {"model": "admin.logentry", "pk": 323, "fields": {"action_time": "2019-06-18T03:12:02.211Z", "user": 2, "content_type": 16, "object_id": "312", "object_repr": "亚洲文明对话大会：思维碰撞文化互鉴，挑战与机遇并行", "action_flag": 3, "change_message": ""}}, {"model": "admin.logentry", "pk": 324, "fields": {"action_time": "2019-06-18T03:12:02.310Z", "user": 2, "content_type": 16, "object_id": "311", "object_repr": "落下帷幕的影视周：文明大会盛况空前，博采众长方能携伴而行", "action_flag": 3, "change_message": ""}}, {"model": "admin.logentry", "pk": 325, "fields": {"action_time": "2019-06-18T03:12:02.408Z", "user": 2, "content_type": 16, "object_id": "310", "object_repr": "解析《企鹅公路》的多种解读 如何带您找回童年感觉？", "action_flag": 3, "change_message": ""}}, {"model": "admin.logentry", "pk": 326, "fields": {"action_time": "2019-06-18T03:12:02.519Z", "user": 2, "content_type": 16, "object_id": "309", "object_repr": "刘昊然《双生》口碑遇冷？大胆创新的背后，是亟待完善的细节", "action_flag": 3, "change_message": ""}}, {"model": "admin.logentry", "pk": 327, "fields": {"action_time": "2019-06-18T03:12:02.618Z", "user": 2, "content_type": 16, "object_id": "308", "object_repr": "当动漫成为文化潮流：35年《龙珠》，背后是两代人的青春", "action_flag": 3, "change_message": ""}}, {"model": "admin.logentry", "pk": 328, "fields": {"action_time": "2019-06-18T03:12:02.732Z", "user": 2, "content_type": 16, "object_id": "307", "object_repr": "当五月天走上影院银幕：是青春的出口，也是文化的记载传递", "action_flag": 3, "change_message": ""}}, {"model": "admin.logentry", "pk": 329, "fields": {"action_time": "2019-06-18T03:12:02.830Z", "user": 2, "content_type": 16, "object_id": "306", "object_repr": "浅评《大大哒》：当美被他人严格定义，快乐终将成为伪命题", "action_flag": 3, "change_message": ""}}, {"model": "admin.logentry", "pk": 330, "fields": {"action_time": "2019-06-18T03:12:02.932Z", "user": 2, "content_type": 16, "object_id": "305", "object_repr": "职场电影缺席市场的背后：为何国内职场电影与实际相去甚远？", "action_flag": 3, "change_message": ""}}, {"model": "admin.logentry", "pk": 331, "fields": {"action_time": "2019-06-18T03:12:03.059Z", "user": 2, "content_type": 16, "object_id": "304", "object_repr": "《比悲伤更悲伤的故事》好在哪儿 “鸡精汤”怎样才能更高级？", "action_flag": 3, "change_message": ""}}, {"model": "admin.logentry", "pk": 332, "fields": {"action_time": "2019-06-18T03:12:03.180Z", "user": 2, "content_type": 16, "object_id": "303", "object_repr": "在国产青春片不被看好的当下 《老师·好》如何成功逆袭？", "action_flag": 3, "change_message": ""}}, {"model": "admin.logentry", "pk": 333, "fields": {"action_time": "2019-06-18T03:12:03.310Z", "user": 2, "content_type": 16, "object_id": "302", "object_repr": "用光影向消防队员致敬 作为电影人还能为英雄做些什么？", "action_flag": 3, "change_message": ""}}, {"model": "admin.logentry", "pk": 334, "fields": {"action_time": "2019-06-18T03:12:03.452Z", "user": 2, "content_type": 16, "object_id": "301", "object_repr": "从《人间·喜剧》出发看喜剧电影究竟该如何营销？", "action_flag": 3, "change_message": ""}}, {"model": "admin.logentry", "pk": 335, "fields": {"action_time": "2019-06-18T03:12:03.558Z", "user": 2, "content_type": 16, "object_id": "300", "object_repr": "清明节缅怀英烈铭记历史 如何在光影中传承英雄精神？", "action_flag": 3, "change_message": ""}}, {"model": "admin.logentry", "pk": 336, "fields": {"action_time": "2019-06-18T03:12:03.675Z", "user": 2, "content_type": 16, "object_id": "299", "object_repr": "《麦兜我和我妈妈》重映记 除了感动还有什么？", "action_flag": 3, "change_message": ""}}, {"model": "admin.logentry", "pk": 337, "fields": {"action_time": "2019-06-18T03:12:03.773Z", "user": 2, "content_type": 16, "object_id": "298", "object_repr": "《海市蜃楼》破谜案 通过道具解锁导演的小心思", "action_flag": 3, "change_message": ""}}, {"model": "admin.logentry", "pk": 338, "fields": {"action_time": "2019-06-18T03:12:03.842Z", "user": 2, "content_type": 16, "object_id": "297", "object_repr": "透过《反贪风暴4》看系列港片如何延续竞争力", "action_flag": 3, "change_message": ""}}, {"model": "admin.logentry", "pk": 339, "fields": {"action_time": "2019-06-18T03:12:03.930Z", "user": 2, "content_type": 16, "object_id": "296", "object_repr": "《调音师》解析 由短片改编成电影是否走了捷径？", "action_flag": 3, "change_message": ""}}, {"model": "admin.logentry", "pk": 340, "fields": {"action_time": "2019-06-18T03:12:04.016Z", "user": 2, "content_type": 16, "object_id": "295", "object_repr": "“AI换脸”技术来了别担心 常用美颜、滤镜更安全", "action_flag": 3, "change_message": ""}}, {"model": "admin.logentry", "pk": 341, "fields": {"action_time": "2019-06-18T03:12:04.130Z", "user": 2, "content_type": 16, "object_id": "294", "object_repr": "当“黑洞”遇上“脑洞” 科幻电影可以怎么拍？", "action_flag": 3, "change_message": ""}}, {"model": "admin.logentry", "pk": 342, "fields": {"action_time": "2019-06-18T03:12:04.332Z", "user": 2, "content_type": 16, "object_id": "293", "object_repr": "第九届北影节为什么会选择《音乐家》作为开幕影片？", "action_flag": 3, "change_message": ""}}, {"model": "admin.logentry", "pk": 343, "fields": {"action_time": "2019-06-18T03:12:04.528Z", "user": 2, "content_type": 16, "object_id": "292", "object_repr": "《如影随心》关照现实生活 主角名字暗藏玄机等你揭晓", "action_flag": 3, "change_message": ""}}, {"model": "admin.logentry", "pk": 344, "fields": {"action_time": "2019-06-18T03:12:04.631Z", "user": 2, "content_type": 16, "object_id": "291", "object_repr": "独家解析《狗眼看人心》带给观众怎样的思考？", "action_flag": 3, "change_message": ""}}, {"model": "admin.logentry", "pk": 345, "fields": {"action_time": "2019-06-18T03:12:04.731Z", "user": 2, "content_type": 16, "object_id": "290", "object_repr": "“北京大妞”不端着 北京国际电影节竟是这种人设？", "action_flag": 3, "change_message": ""}}, {"model": "admin.logentry", "pk": 346, "fields": {"action_time": "2019-06-18T03:12:04.842Z", "user": 2, "content_type": 16, "object_id": "289", "object_repr": "聊聊第九届北京国际电影节的“家·国”情怀", "action_flag": 3, "change_message": ""}}, {"model": "admin.logentry", "pk": 347, "fields": {"action_time": "2019-06-18T03:12:04.965Z", "user": 2, "content_type": 16, "object_id": "288", "object_repr": "《撞死了一只羊》有何底气正面冲撞《复仇者联盟4：终局之战》？", "action_flag": 3, "change_message": ""}}, {"model": "admin.logentry", "pk": 348, "fields": {"action_time": "2019-06-18T03:12:05.202Z", "user": 2, "content_type": 16, "object_id": "287", "object_repr": "专业电影翻译人带你从全新的视角解读《复仇者联盟》", "action_flag": 3, "change_message": ""}}, {"model": "admin.logentry", "pk": 349, "fields": {"action_time": "2019-06-18T03:12:05.341Z", "user": 2, "content_type": 16, "object_id": "286", "object_repr": "“复联4”作为漫威影业旧系列的终结与新系列的开始意义何在？", "action_flag": 3, "change_message": ""}}, {"model": "admin.logentry", "pk": 350, "fields": {"action_time": "2019-06-18T03:12:05.541Z", "user": 2, "content_type": 16, "object_id": "285", "object_repr": "《雪暴》剧本有何魅力可以集结张震、廖凡、黄觉齐加盟？", "action_flag": 3, "change_message": ""}}, {"model": "admin.logentry", "pk": 351, "fields": {"action_time": "2019-06-18T03:12:05.685Z", "user": 2, "content_type": 16, "object_id": "284", "object_repr": "“我的老片库”之缘起 “六公主”的那些宝藏电影都是怎么来的？", "action_flag": 3, "change_message": ""}}, {"model": "admin.logentry", "pk": 352, "fields": {"action_time": "2019-06-18T03:12:05.796Z", "user": 2, "content_type": 16, "object_id": "283", "object_repr": "“我的老片库”之归档 “六公主”那么多宝藏电影如何快速查找", "action_flag": 3, "change_message": ""}}, {"model": "admin.logentry", "pk": 353, "fields": {"action_time": "2019-06-18T03:12:05.919Z", "user": 2, "content_type": 16, "object_id": "282", "object_repr": "两会前夕全国电影工作座谈会召开 传递出哪些重要信号", "action_flag": 3, "change_message": ""}}, {"model": "admin.logentry", "pk": 354, "fields": {"action_time": "2019-06-18T03:12:06.042Z", "user": 2, "content_type": 16, "object_id": "281", "object_repr": "关注全国“两会” 探讨“新时代电影”的发展方向", "action_flag": 3, "change_message": ""}}, {"model": "admin.logentry", "pk": 355, "fields": {"action_time": "2019-06-18T03:12:06.227Z", "user": 2, "content_type": 16, "object_id": "280", "object_repr": "关注全国“两会” 探讨中国电影如何提升国际影响力", "action_flag": 3, "change_message": ""}}, {"model": "admin.logentry", "pk": 356, "fields": {"action_time": "2019-06-18T03:12:06.340Z", "user": 2, "content_type": 16, "object_id": "279", "object_repr": "关注全国“两会” 如何通过电影提升国家文化软实力", "action_flag": 3, "change_message": ""}}, {"model": "admin.logentry", "pk": 357, "fields": {"action_time": "2019-06-18T03:12:06.459Z", "user": 2, "content_type": 16, "object_id": "278", "object_repr": "关注全国“两会” 探讨新时代下的中国电影评论", "action_flag": 3, "change_message": ""}}, {"model": "admin.logentry", "pk": 358, "fields": {"action_time": "2019-06-18T03:12:06.586Z", "user": 2, "content_type": 16, "object_id": "277", "object_repr": "关注全国“两会” 委员成龙分享电影人的扶贫心得", "action_flag": 3, "change_message": ""}}, {"model": "admin.logentry", "pk": 359, "fields": {"action_time": "2019-06-18T03:12:06.710Z", "user": 2, "content_type": 16, "object_id": "276", "object_repr": "关注全国“两会” 中国电影的行业规范需进一步完善管理机制", "action_flag": 3, "change_message": ""}}, {"model": "admin.logentry", "pk": 360, "fields": {"action_time": "2019-06-18T03:12:06.819Z", "user": 2, "content_type": 16, "object_id": "275", "object_repr": "关注全国“两会” 导演管虎为中国电影创作建言献策", "action_flag": 3, "change_message": ""}}, {"model": "admin.logentry", "pk": 361, "fields": {"action_time": "2019-06-18T03:12:06.919Z", "user": 2, "content_type": 16, "object_id": "274", "object_repr": "关注全国“两会” 冯远征为中国电影“兴文化”发声", "action_flag": 3, "change_message": ""}}, {"model": "admin.logentry", "pk": 362, "fields": {"action_time": "2019-06-18T03:12:07.031Z", "user": 2, "content_type": 16, "object_id": "273", "object_repr": "关注全国“两会” 探讨新时代中国电影人如何凝心聚力举旗帜", "action_flag": 3, "change_message": ""}}, {"model": "admin.logentry", "pk": 363, "fields": {"action_time": "2019-06-18T03:12:07.130Z", "user": 2, "content_type": 16, "object_id": "272", "object_repr": "认认真真活自己 演员撕掉“人设”还剩下什么？", "action_flag": 3, "change_message": ""}}, {"model": "admin.logentry", "pk": 364, "fields": {"action_time": "2019-06-18T03:12:07.231Z", "user": 2, "content_type": 16, "object_id": "271", "object_repr": "走一趟真的能够荡涤灵魂？ 电影人请你放过西藏景区", "action_flag": 3, "change_message": ""}}, {"model": "admin.logentry", "pk": 365, "fields": {"action_time": "2019-06-18T03:12:07.351Z", "user": 2, "content_type": 16, "object_id": "270", "object_repr": "独家解析：《流浪地球》的视觉特效能值多少票房？", "action_flag": 3, "change_message": ""}}, {"model": "admin.logentry", "pk": 366, "fields": {"action_time": "2019-06-18T03:12:07.464Z", "user": 2, "content_type": 16, "object_id": "269", "object_repr": "独家解析《阳台上》到底是不是一部“圈钱”的电影？", "action_flag": 3, "change_message": ""}}, {"model": "admin.logentry", "pk": 367, "fields": {"action_time": "2019-06-18T03:12:07.574Z", "user": 2, "content_type": 16, "object_id": "268", "object_repr": "数据造假现象肆虐 影视行业何时能“脱水”？", "action_flag": 3, "change_message": ""}}, {"model": "admin.logentry", "pk": 368, "fields": {"action_time": "2019-06-18T03:12:07.676Z", "user": 2, "content_type": 16, "object_id": "267", "object_repr": "教你手撕“冒牌”经纪团队 营造良性行业氛围", "action_flag": 3, "change_message": ""}}, {"model": "admin.logentry", "pk": 369, "fields": {"action_time": "2019-06-18T03:12:07.827Z", "user": 2, "content_type": 16, "object_id": "266", "object_repr": "《地久天长》没有热映却引来热议的原因在哪儿？", "action_flag": 3, "change_message": ""}}, {"model": "admin.logentry", "pk": 370, "fields": {"action_time": "2019-06-18T03:12:07.930Z", "user": 2, "content_type": 16, "object_id": "265", "object_repr": "《波西米亚狂想曲》大奖拿不停 却为何依旧争议颇多？", "action_flag": 3, "change_message": ""}}, {"model": "admin.logentry", "pk": 371, "fields": {"action_time": "2019-06-18T03:12:08.084Z", "user": 2, "content_type": 16, "object_id": "264", "object_repr": "中国银幕上映外片为何总有时差？解读批片市场“众生相”", "action_flag": 3, "change_message": ""}}, {"model": "admin.logentry", "pk": 372, "fields": {"action_time": "2019-06-18T03:12:08.259Z", "user": 2, "content_type": 16, "object_id": "263", "object_repr": "独家解析《小飞象》：当迪士尼童话遇到蒂姆·波顿", "action_flag": 3, "change_message": ""}}, {"model": "admin.logentry", "pk": 373, "fields": {"action_time": "2019-06-18T03:12:08.382Z", "user": 2, "content_type": 16, "object_id": "262", "object_repr": "映前解析《神探蒲松龄》 新鲜元素重塑经典助力团圆年", "action_flag": 3, "change_message": ""}}, {"model": "admin.logentry", "pk": 374, "fields": {"action_time": "2019-06-18T03:12:08.475Z", "user": 2, "content_type": 16, "object_id": "261", "object_repr": "2019新春电影年夜饭品鉴：繁花似锦 百花盛开", "action_flag": 3, "change_message": ""}}, {"model": "admin.logentry", "pk": 375, "fields": {"action_time": "2019-06-18T03:12:08.605Z", "user": 2, "content_type": 16, "object_id": "260", "object_repr": "《疯狂的外星人》映后解读 宁浩带您亲密接触外星人", "action_flag": 3, "change_message": ""}}, {"model": "admin.logentry", "pk": 376, "fields": {"action_time": "2019-06-18T03:12:08.784Z", "user": 2, "content_type": 16, "object_id": "259", "object_repr": "与韩寒一起开启飞驰之旅 解读《飞驰人生》何以驰骋春节档", "action_flag": 3, "change_message": ""}}, {"model": "admin.logentry", "pk": 377, "fields": {"action_time": "2019-06-18T03:12:08.898Z", "user": 2, "content_type": 16, "object_id": "258", "object_repr": "鄂靖文带您解析《新喜剧之王》 经典回归背后的意义和探索", "action_flag": 3, "change_message": ""}}, {"model": "admin.logentry", "pk": 378, "fields": {"action_time": "2019-06-18T03:12:09.075Z", "user": 2, "content_type": 16, "object_id": "257", "object_repr": "独家解析《流浪地球》中国表达带给科幻的独特情怀", "action_flag": 3, "change_message": ""}}, {"model": "admin.logentry", "pk": 379, "fields": {"action_time": "2019-06-18T03:12:09.196Z", "user": 2, "content_type": 16, "object_id": "256", "object_repr": "三探《神探蒲松龄》 电影顽童成龙重焕经典玩出古装新花样", "action_flag": 3, "change_message": ""}}, {"model": "admin.logentry", "pk": 380, "fields": {"action_time": "2019-06-18T03:12:09.308Z", "user": 2, "content_type": 16, "object_id": "255", "object_repr": "从中国功夫到世界先生 成龙如何得到了世界认可？", "action_flag": 3, "change_message": ""}}, {"model": "admin.logentry", "pk": 381, "fields": {"action_time": "2019-06-18T03:12:09.408Z", "user": 2, "content_type": 16, "object_id": "254", "object_repr": "《小猪佩奇过大年》解析 带您重新认识佩奇和它的家人们", "action_flag": 3, "change_message": ""}}, {"model": "admin.logentry", "pk": 382, "fields": {"action_time": "2019-06-18T03:12:09.508Z", "user": 2, "content_type": 16, "object_id": "253", "object_repr": "情人节观影指南：看这些电影是找糖吃还是找罪受？", "action_flag": 3, "change_message": ""}}, {"model": "admin.logentry", "pk": 383, "fields": {"action_time": "2019-06-18T03:12:09.708Z", "user": 2, "content_type": 16, "object_id": "252", "object_repr": "《飞驰人生》客观试驾 用真实的速度展现热血的故事", "action_flag": 3, "change_message": ""}}, {"model": "admin.logentry", "pk": 384, "fields": {"action_time": "2019-06-18T03:12:09.820Z", "user": 2, "content_type": 16, "object_id": "251", "object_repr": "短视频营销别“玩”过了 货不对板当心出现反作用", "action_flag": 3, "change_message": ""}}, {"model": "admin.logentry", "pk": 385, "fields": {"action_time": "2019-06-18T03:12:09.905Z", "user": 2, "content_type": 16, "object_id": "250", "object_repr": "透过春节档看中国科幻片如何在科技助力下高速腾飞？", "action_flag": 3, "change_message": ""}}, {"model": "admin.logentry", "pk": 386, "fields": {"action_time": "2019-06-18T03:12:10.008Z", "user": 2, "content_type": 16, "object_id": "249", "object_repr": "《阿丽塔：战斗天使》能否燃爆市场？ 女版孙悟空受期待", "action_flag": 3, "change_message": ""}}, {"model": "admin.logentry", "pk": 387, "fields": {"action_time": "2019-06-18T03:12:10.108Z", "user": 2, "content_type": 16, "object_id": "248", "object_repr": "《朝花夕誓》不只是二次元 突破局限才能不被埋没", "action_flag": 3, "change_message": ""}}, {"model": "admin.logentry", "pk": 388, "fields": {"action_time": "2019-06-18T03:12:10.262Z", "user": 2, "content_type": 16, "object_id": "247", "object_repr": "《流浪地球》过后 我们距离《三体》究竟有多远？", "action_flag": 3, "change_message": ""}}, {"model": "admin.logentry", "pk": 389, "fields": {"action_time": "2019-06-18T03:12:10.519Z", "user": 2, "content_type": 16, "object_id": "246", "object_repr": "《绿皮书》缘何打败《罗马》成为奥斯卡最后赢家？", "action_flag": 3, "change_message": ""}}, {"model": "admin.logentry", "pk": 390, "fields": {"action_time": "2019-06-18T03:12:10.641Z", "user": 2, "content_type": 16, "object_id": "245", "object_repr": "扶贫纪录片《三变山变》如何拉近与青年观众的距离？", "action_flag": 3, "change_message": ""}}, {"model": "admin.logentry", "pk": 391, "fields": {"action_time": "2019-06-18T03:12:10.752Z", "user": 2, "content_type": 16, "object_id": "244", "object_repr": "《惊奇队长》变“惊奇大妈”？ 这次漫威就是要给你不一样", "action_flag": 3, "change_message": ""}}, {"model": "admin.logentry", "pk": 392, "fields": {"action_time": "2019-06-18T03:12:10.885Z", "user": 2, "content_type": 16, "object_id": "243", "object_repr": "《驯龙高手3》：如何用他国文化为好莱坞“带货”？", "action_flag": 3, "change_message": ""}}, {"model": "admin.logentry", "pk": 393, "fields": {"action_time": "2019-06-18T03:12:10.997Z", "user": 2, "content_type": 16, "object_id": "242", "object_repr": "开启2019中国电影新篇章 期待在光影的高原上有多高峰挺立", "action_flag": 3, "change_message": ""}}, {"model": "admin.logentry", "pk": 394, "fields": {"action_time": "2019-06-18T03:12:11.108Z", "user": 2, "content_type": 16, "object_id": "241", "object_repr": "如果把生活比作电影 你会给2018年取一个什么片名呢？", "action_flag": 3, "change_message": ""}}, {"model": "admin.logentry", "pk": 395, "fields": {"action_time": "2019-06-18T03:12:11.290Z", "user": 2, "content_type": 16, "object_id": "240", "object_repr": "2019春节档喜剧电影仍占主力 科幻电影异军突起", "action_flag": 3, "change_message": ""}}, {"model": "admin.logentry", "pk": 396, "fields": {"action_time": "2019-06-18T03:12:11.397Z", "user": 2, "content_type": 16, "object_id": "239", "object_repr": "《大黄蜂》伴你同行 “改头换面”之后还你真童年", "action_flag": 3, "change_message": ""}}, {"model": "admin.logentry", "pk": 397, "fields": {"action_time": "2019-06-18T03:12:11.517Z", "user": 2, "content_type": 16, "object_id": "238", "object_repr": "2018中国电影年度调查报告 用数据洞悉中国电影市场发展", "action_flag": 3, "change_message": ""}}, {"model": "admin.logentry", "pk": 398, "fields": {"action_time": "2019-06-18T03:12:11.631Z", "user": 2, "content_type": 16, "object_id": "237", "object_repr": "《来电狂响》不止是电影 还有隐藏在手机中的啼笑人生", "action_flag": 3, "change_message": ""}}, {"model": "admin.logentry", "pk": 399, "fields": {"action_time": "2019-06-18T03:12:11.731Z", "user": 2, "content_type": 16, "object_id": "236", "object_repr": "《地球最后的夜晚》选错档期？ 好坏定论还需留给时间", "action_flag": 3, "change_message": ""}}, {"model": "admin.logentry", "pk": 400, "fields": {"action_time": "2019-06-18T03:12:11.843Z", "user": 2, "content_type": 16, "object_id": "235", "object_repr": "“葛大爷”的新尝试有点跑偏 小岳岳醉酒卖海豚莫名其妙", "action_flag": 3, "change_message": ""}}, {"model": "admin.logentry", "pk": 401, "fields": {"action_time": "2019-06-18T03:12:11.953Z", "user": 2, "content_type": 16, "object_id": "234", "object_repr": "《四个春天》用影像记录生活 让平凡日子开出花", "action_flag": 3, "change_message": ""}}, {"model": "admin.logentry", "pk": 402, "fields": {"action_time": "2019-06-18T03:12:12.053Z", "user": 2, "content_type": 16, "object_id": "233", "object_repr": "寒假档“动画电影大礼包”拆解：不再是孩子们的专利", "action_flag": 3, "change_message": ""}}, {"model": "admin.logentry", "pk": 403, "fields": {"action_time": "2019-06-18T03:12:12.153Z", "user": 2, "content_type": 16, "object_id": "232", "object_repr": "《奎迪：英雄再起》独家解析 走进电影史上的拳击传奇", "action_flag": 3, "change_message": ""}}, {"model": "admin.logentry", "pk": 404, "fields": {"action_time": "2019-06-18T03:12:12.252Z", "user": 2, "content_type": 16, "object_id": "231", "object_repr": "《中国推销员》李东学化身打不死的小强 用力过猛略显遗憾", "action_flag": 3, "change_message": ""}}, {"model": "admin.logentry", "pk": 405, "fields": {"action_time": "2019-06-18T03:12:12.365Z", "user": 2, "content_type": 16, "object_id": "230", "object_repr": "这里的警察不太冷！《“大”人物》打开警察形象新大门", "action_flag": 3, "change_message": ""}}, {"model": "admin.logentry", "pk": 406, "fields": {"action_time": "2019-06-18T03:12:12.484Z", "user": 2, "content_type": 16, "object_id": "229", "object_repr": "《白蛇：缘起》独家解析 畅聊白娘子和许仙的前世今生", "action_flag": 3, "change_message": ""}}, {"model": "admin.logentry", "pk": 407, "fields": {"action_time": "2019-06-18T03:12:12.605Z", "user": 2, "content_type": 16, "object_id": "228", "object_repr": "独家解析《养家之人》传递出怎样的人文关怀？", "action_flag": 3, "change_message": ""}}, {"model": "admin.logentry", "pk": 408, "fields": {"action_time": "2019-06-18T03:12:12.719Z", "user": 2, "content_type": 16, "object_id": "227", "object_repr": "《密室逃生》一起破解谜题 似曾相识却又新意满满", "action_flag": 3, "change_message": ""}}, {"model": "admin.logentry", "pk": 409, "fields": {"action_time": "2019-06-18T03:12:12.819Z", "user": 2, "content_type": 16, "object_id": "226", "object_repr": "《掠食城市》战斗场面值回票价 燃料不足还需加把火", "action_flag": 3, "change_message": ""}}, {"model": "admin.logentry", "pk": 410, "fields": {"action_time": "2019-06-18T03:12:12.896Z", "user": 2, "content_type": 16, "object_id": "225", "object_repr": "《战斗民族养成记》应景又应情 教如何“拜见岳父大人”", "action_flag": 3, "change_message": ""}}, {"model": "admin.logentry", "pk": 411, "fields": {"action_time": "2019-06-18T03:12:12.975Z", "user": 2, "content_type": 16, "object_id": "224", "object_repr": "《新喜剧之王》回归本心 “粗制滥造”的预告片是障眼法吗？", "action_flag": 3, "change_message": ""}}, {"model": "admin.logentry", "pk": 412, "fields": {"action_time": "2019-06-18T03:12:13.084Z", "user": 2, "content_type": 16, "object_id": "223", "object_repr": "“麦庄”重拳出击春节档 《廉政风云》能否另辟蹊径？", "action_flag": 3, "change_message": ""}}, {"model": "admin.logentry", "pk": 413, "fields": {"action_time": "2019-06-18T03:12:13.164Z", "user": 2, "content_type": 16, "object_id": "222", "object_repr": "《死侍2：我爱我家》为春节档暖场 “话痨”英雄魅力何在？", "action_flag": 3, "change_message": ""}}, {"model": "admin.logentry", "pk": 414, "fields": {"action_time": "2019-06-18T03:12:13.264Z", "user": 2, "content_type": 16, "object_id": "221", "object_repr": "映前解析《疯狂的外星人》 能否带来春节档的疯狂？", "action_flag": 3, "change_message": ""}}, {"model": "admin.logentry", "pk": 415, "fields": {"action_time": "2019-06-18T03:12:13.360Z", "user": 2, "content_type": 16, "object_id": "220", "object_repr": "映前解析《飞驰人生》 能否赢在“春节档”起跑线上？", "action_flag": 3, "change_message": ""}}, {"model": "admin.logentry", "pk": 416, "fields": {"action_time": "2019-06-18T03:12:13.461Z", "user": 2, "content_type": 16, "object_id": "219", "object_repr": "映前解析《流浪地球》 中国科幻电影最大的一次冒险", "action_flag": 3, "change_message": ""}}, {"model": "admin.logentry", "pk": 417, "fields": {"action_time": "2019-06-18T03:27:25.510Z", "user": 2, "content_type": 16, "object_id": "436", "object_repr": "“我的老片库”之保存 “六公主”的电影磁带都放哪了？", "action_flag": 3, "change_message": ""}}, {"model": "admin.logentry", "pk": 418, "fields": {"action_time": "2019-06-18T03:27:25.643Z", "user": 2, "content_type": 16, "object_id": "435", "object_repr": "“我的老片库”之修复 “六公主”助影迷感受电影魅力", "action_flag": 3, "change_message": ""}}, {"model": "admin.logentry", "pk": 419, "fields": {"action_time": "2019-06-18T03:27:25.762Z", "user": 2, "content_type": 16, "object_id": "434", "object_repr": "“我的老片库”之使命 “六公主”坚守电影人光影初心", "action_flag": 3, "change_message": ""}}, {"model": "admin.logentry", "pk": 420, "fields": {"action_time": "2019-06-18T03:27:25.889Z", "user": 2, "content_type": 16, "object_id": "433", "object_repr": "法律给盗版电影一个说法：做盗版，你的未来就是进监狱", "action_flag": 3, "change_message": ""}}, {"model": "admin.logentry", "pk": 421, "fields": {"action_time": "2019-06-18T03:27:26.319Z", "user": 2, "content_type": 16, "object_id": "432", "object_repr": "12岁男孩为何状告父母？《何以为家》带你走近你不愿相信的真实", "action_flag": 3, "change_message": ""}}, {"model": "admin.logentry", "pk": 422, "fields": {"action_time": "2019-06-18T03:27:26.439Z", "user": 2, "content_type": 16, "object_id": "431", "object_repr": "从《港珠澳大桥》看纪录片中国化：国之重器，巧夺天工", "action_flag": 3, "change_message": ""}}, {"model": "admin.logentry", "pk": 423, "fields": {"action_time": "2019-06-18T03:27:26.553Z", "user": 2, "content_type": 16, "object_id": "430", "object_repr": "京剧重获新生？专家带你解读京剧电影《进京城》的价值与意义", "action_flag": 3, "change_message": ""}}, {"model": "admin.logentry", "pk": 424, "fields": {"action_time": "2019-06-18T03:27:26.662Z", "user": 2, "content_type": 16, "object_id": "429", "object_repr": "金砖五国合作《半边天》 如何用电影为女性发声？", "action_flag": 3, "change_message": ""}}, {"model": "admin.logentry", "pk": 425, "fields": {"action_time": "2019-06-18T03:27:26.744Z", "user": 2, "content_type": 16, "object_id": "428", "object_repr": "浅评《罗马》：科幻导演拍出家庭片，何以成为奖项收割机？", "action_flag": 3, "change_message": ""}}, {"model": "admin.logentry", "pk": 426, "fields": {"action_time": "2019-06-18T03:27:26.858Z", "user": 2, "content_type": 16, "object_id": "427", "object_repr": "《周恩来回延安》前瞻：伟人贴近生活，平实的表现感人至深", "action_flag": 3, "change_message": ""}}, {"model": "admin.logentry", "pk": 427, "fields": {"action_time": "2019-06-18T03:27:26.957Z", "user": 2, "content_type": 16, "object_id": "426", "object_repr": "聚焦“亚洲影视周”：文明与时偕行，商业文艺共发展", "action_flag": 3, "change_message": ""}}, {"model": "admin.logentry", "pk": 428, "fields": {"action_time": "2019-06-18T03:27:27.068Z", "user": 2, "content_type": 16, "object_id": "425", "object_repr": "聚焦2019亚洲电影展：佳片云集文明互鉴，共筑亚洲命运共同体", "action_flag": 3, "change_message": ""}}, {"model": "admin.logentry", "pk": 429, "fields": {"action_time": "2019-06-18T03:27:27.231Z", "user": 2, "content_type": 16, "object_id": "424", "object_repr": "聚焦亚洲影视周：贾樟柯领衔电影大师对话，群贤毕至异彩纷呈", "action_flag": 3, "change_message": ""}}, {"model": "admin.logentry", "pk": 430, "fields": {"action_time": "2019-06-18T03:27:27.361Z", "user": 2, "content_type": 16, "object_id": "423", "object_repr": "经久不衰的老电影：英雄史诗永不褪色，经典堪为时代赞歌", "action_flag": 3, "change_message": ""}}, {"model": "admin.logentry", "pk": 431, "fields": {"action_time": "2019-06-18T03:27:27.531Z", "user": 2, "content_type": 16, "object_id": "422", "object_repr": "从《海蒂和爷爷》看隔代亲：爱非溺爱，陪伴沟通架构亲子桥梁", "action_flag": 3, "change_message": ""}}, {"model": "admin.logentry", "pk": 432, "fields": {"action_time": "2019-06-18T03:27:27.680Z", "user": 2, "content_type": 16, "object_id": "421", "object_repr": "亚洲文明对话大会：思维碰撞文化互鉴，挑战与机遇并行", "action_flag": 3, "change_message": ""}}, {"model": "admin.logentry", "pk": 433, "fields": {"action_time": "2019-06-18T03:27:27.790Z", "user": 2, "content_type": 16, "object_id": "420", "object_repr": "落下帷幕的影视周：文明大会盛况空前，博采众长方能携伴而行", "action_flag": 3, "change_message": ""}}, {"model": "admin.logentry", "pk": 434, "fields": {"action_time": "2019-06-18T03:27:27.889Z", "user": 2, "content_type": 16, "object_id": "419", "object_repr": "解析《企鹅公路》的多种解读 如何带您找回童年感觉？", "action_flag": 3, "change_message": ""}}, {"model": "admin.logentry", "pk": 435, "fields": {"action_time": "2019-06-18T03:27:27.980Z", "user": 2, "content_type": 16, "object_id": "418", "object_repr": "刘昊然《双生》口碑遇冷？大胆创新的背后，是亟待完善的细节", "action_flag": 3, "change_message": ""}}, {"model": "admin.logentry", "pk": 436, "fields": {"action_time": "2019-06-18T03:27:28.078Z", "user": 2, "content_type": 16, "object_id": "417", "object_repr": "当动漫成为文化潮流：35年《龙珠》，背后是两代人的青春", "action_flag": 3, "change_message": ""}}, {"model": "admin.logentry", "pk": 437, "fields": {"action_time": "2019-06-18T03:27:28.180Z", "user": 2, "content_type": 16, "object_id": "416", "object_repr": "当五月天走上影院银幕：是青春的出口，也是文化的记载传递", "action_flag": 3, "change_message": ""}}, {"model": "admin.logentry", "pk": 438, "fields": {"action_time": "2019-06-18T03:27:28.280Z", "user": 2, "content_type": 16, "object_id": "415", "object_repr": "浅评《大大哒》：当美被他人严格定义，快乐终将成为伪命题", "action_flag": 3, "change_message": ""}}, {"model": "admin.logentry", "pk": 439, "fields": {"action_time": "2019-06-18T03:27:28.379Z", "user": 2, "content_type": 16, "object_id": "414", "object_repr": "职场电影缺席市场的背后：为何国内职场电影与实际相去甚远？", "action_flag": 3, "change_message": ""}}, {"model": "admin.logentry", "pk": 440, "fields": {"action_time": "2019-06-18T03:27:28.478Z", "user": 2, "content_type": 16, "object_id": "413", "object_repr": "《比悲伤更悲伤的故事》好在哪儿 “鸡精汤”怎样才能更高级？", "action_flag": 3, "change_message": ""}}, {"model": "admin.logentry", "pk": 441, "fields": {"action_time": "2019-06-18T03:27:28.580Z", "user": 2, "content_type": 16, "object_id": "412", "object_repr": "在国产青春片不被看好的当下 《老师·好》如何成功逆袭？", "action_flag": 3, "change_message": ""}}, {"model": "admin.logentry", "pk": 442, "fields": {"action_time": "2019-06-18T03:27:28.702Z", "user": 2, "content_type": 16, "object_id": "411", "object_repr": "用光影向消防队员致敬 作为电影人还能为英雄做些什么？", "action_flag": 3, "change_message": ""}}, {"model": "admin.logentry", "pk": 443, "fields": {"action_time": "2019-06-18T03:27:28.791Z", "user": 2, "content_type": 16, "object_id": "410", "object_repr": "从《人间·喜剧》出发看喜剧电影究竟该如何营销？", "action_flag": 3, "change_message": ""}}, {"model": "admin.logentry", "pk": 444, "fields": {"action_time": "2019-06-18T03:27:28.901Z", "user": 2, "content_type": 16, "object_id": "409", "object_repr": "清明节缅怀英烈铭记历史 如何在光影中传承英雄精神？", "action_flag": 3, "change_message": ""}}, {"model": "admin.logentry", "pk": 445, "fields": {"action_time": "2019-06-18T03:27:29.002Z", "user": 2, "content_type": 16, "object_id": "408", "object_repr": "《麦兜我和我妈妈》重映记 除了感动还有什么？", "action_flag": 3, "change_message": ""}}, {"model": "admin.logentry", "pk": 446, "fields": {"action_time": "2019-06-18T03:27:29.113Z", "user": 2, "content_type": 16, "object_id": "407", "object_repr": "《海市蜃楼》破谜案 通过道具解锁导演的小心思", "action_flag": 3, "change_message": ""}}, {"model": "admin.logentry", "pk": 447, "fields": {"action_time": "2019-06-18T03:27:29.213Z", "user": 2, "content_type": 16, "object_id": "406", "object_repr": "透过《反贪风暴4》看系列港片如何延续竞争力", "action_flag": 3, "change_message": ""}}, {"model": "admin.logentry", "pk": 448, "fields": {"action_time": "2019-06-18T03:27:29.324Z", "user": 2, "content_type": 16, "object_id": "405", "object_repr": "《调音师》解析 由短片改编成电影是否走了捷径？", "action_flag": 3, "change_message": ""}}, {"model": "admin.logentry", "pk": 449, "fields": {"action_time": "2019-06-18T03:27:29.401Z", "user": 2, "content_type": 16, "object_id": "404", "object_repr": "“AI换脸”技术来了别担心 常用美颜、滤镜更安全", "action_flag": 3, "change_message": ""}}, {"model": "admin.logentry", "pk": 450, "fields": {"action_time": "2019-06-18T03:27:29.500Z", "user": 2, "content_type": 16, "object_id": "403", "object_repr": "当“黑洞”遇上“脑洞” 科幻电影可以怎么拍？", "action_flag": 3, "change_message": ""}}, {"model": "admin.logentry", "pk": 451, "fields": {"action_time": "2019-06-18T03:27:29.603Z", "user": 2, "content_type": 16, "object_id": "402", "object_repr": "第九届北影节为什么会选择《音乐家》作为开幕影片？", "action_flag": 3, "change_message": ""}}, {"model": "admin.logentry", "pk": 452, "fields": {"action_time": "2019-06-18T03:27:29.713Z", "user": 2, "content_type": 16, "object_id": "401", "object_repr": "《如影随心》关照现实生活 主角名字暗藏玄机等你揭晓", "action_flag": 3, "change_message": ""}}, {"model": "admin.logentry", "pk": 453, "fields": {"action_time": "2019-06-18T03:27:29.801Z", "user": 2, "content_type": 16, "object_id": "400", "object_repr": "独家解析《狗眼看人心》带给观众怎样的思考？", "action_flag": 3, "change_message": ""}}, {"model": "admin.logentry", "pk": 454, "fields": {"action_time": "2019-06-18T03:27:29.902Z", "user": 2, "content_type": 16, "object_id": "399", "object_repr": "“北京大妞”不端着 北京国际电影节竟是这种人设？", "action_flag": 3, "change_message": ""}}, {"model": "admin.logentry", "pk": 455, "fields": {"action_time": "2019-06-18T03:27:30.026Z", "user": 2, "content_type": 16, "object_id": "398", "object_repr": "聊聊第九届北京国际电影节的“家·国”情怀", "action_flag": 3, "change_message": ""}}, {"model": "admin.logentry", "pk": 456, "fields": {"action_time": "2019-06-18T03:27:30.112Z", "user": 2, "content_type": 16, "object_id": "397", "object_repr": "《撞死了一只羊》有何底气正面冲撞《复仇者联盟4：终局之战》？", "action_flag": 3, "change_message": ""}}, {"model": "admin.logentry", "pk": 457, "fields": {"action_time": "2019-06-18T03:27:30.222Z", "user": 2, "content_type": 16, "object_id": "396", "object_repr": "专业电影翻译人带你从全新的视角解读《复仇者联盟》", "action_flag": 3, "change_message": ""}}, {"model": "admin.logentry", "pk": 458, "fields": {"action_time": "2019-06-18T03:27:30.324Z", "user": 2, "content_type": 16, "object_id": "395", "object_repr": "“复联4”作为漫威影业旧系列的终结与新系列的开始意义何在？", "action_flag": 3, "change_message": ""}}, {"model": "admin.logentry", "pk": 459, "fields": {"action_time": "2019-06-18T03:27:30.423Z", "user": 2, "content_type": 16, "object_id": "394", "object_repr": "《雪暴》剧本有何魅力可以集结张震、廖凡、黄觉齐加盟？", "action_flag": 3, "change_message": ""}}, {"model": "admin.logentry", "pk": 460, "fields": {"action_time": "2019-06-18T03:27:30.535Z", "user": 2, "content_type": 16, "object_id": "393", "object_repr": "“我的老片库”之缘起 “六公主”的那些宝藏电影都是怎么来的？", "action_flag": 3, "change_message": ""}}, {"model": "admin.logentry", "pk": 461, "fields": {"action_time": "2019-06-18T03:27:30.647Z", "user": 2, "content_type": 16, "object_id": "392", "object_repr": "“我的老片库”之归档 “六公主”那么多宝藏电影如何快速查找", "action_flag": 3, "change_message": ""}}, {"model": "admin.logentry", "pk": 462, "fields": {"action_time": "2019-06-18T03:27:30.780Z", "user": 2, "content_type": 16, "object_id": "391", "object_repr": "两会前夕全国电影工作座谈会召开 传递出哪些重要信号", "action_flag": 3, "change_message": ""}}, {"model": "admin.logentry", "pk": 463, "fields": {"action_time": "2019-06-18T03:27:30.867Z", "user": 2, "content_type": 16, "object_id": "390", "object_repr": "关注全国“两会” 探讨“新时代电影”的发展方向", "action_flag": 3, "change_message": ""}}, {"model": "admin.logentry", "pk": 464, "fields": {"action_time": "2019-06-18T03:27:30.957Z", "user": 2, "content_type": 16, "object_id": "389", "object_repr": "关注全国“两会” 探讨中国电影如何提升国际影响力", "action_flag": 3, "change_message": ""}}, {"model": "admin.logentry", "pk": 465, "fields": {"action_time": "2019-06-18T03:27:31.068Z", "user": 2, "content_type": 16, "object_id": "388", "object_repr": "关注全国“两会” 如何通过电影提升国家文化软实力", "action_flag": 3, "change_message": ""}}, {"model": "admin.logentry", "pk": 466, "fields": {"action_time": "2019-06-18T03:27:31.180Z", "user": 2, "content_type": 16, "object_id": "387", "object_repr": "关注全国“两会” 探讨新时代下的中国电影评论", "action_flag": 3, "change_message": ""}}, {"model": "admin.logentry", "pk": 467, "fields": {"action_time": "2019-06-18T03:27:31.279Z", "user": 2, "content_type": 16, "object_id": "386", "object_repr": "关注全国“两会” 委员成龙分享电影人的扶贫心得", "action_flag": 3, "change_message": ""}}, {"model": "admin.logentry", "pk": 468, "fields": {"action_time": "2019-06-18T03:27:31.379Z", "user": 2, "content_type": 16, "object_id": "385", "object_repr": "关注全国“两会” 中国电影的行业规范需进一步完善管理机制", "action_flag": 3, "change_message": ""}}, {"model": "admin.logentry", "pk": 469, "fields": {"action_time": "2019-06-18T03:27:31.468Z", "user": 2, "content_type": 16, "object_id": "384", "object_repr": "关注全国“两会” 导演管虎为中国电影创作建言献策", "action_flag": 3, "change_message": ""}}, {"model": "admin.logentry", "pk": 470, "fields": {"action_time": "2019-06-18T03:27:31.568Z", "user": 2, "content_type": 16, "object_id": "383", "object_repr": "关注全国“两会” 冯远征为中国电影“兴文化”发声", "action_flag": 3, "change_message": ""}}, {"model": "admin.logentry", "pk": 471, "fields": {"action_time": "2019-06-18T03:27:31.668Z", "user": 2, "content_type": 16, "object_id": "382", "object_repr": "关注全国“两会” 探讨新时代中国电影人如何凝心聚力举旗帜", "action_flag": 3, "change_message": ""}}, {"model": "admin.logentry", "pk": 472, "fields": {"action_time": "2019-06-18T03:27:31.800Z", "user": 2, "content_type": 16, "object_id": "381", "object_repr": "认认真真活自己 演员撕掉“人设”还剩下什么？", "action_flag": 3, "change_message": ""}}, {"model": "admin.logentry", "pk": 473, "fields": {"action_time": "2019-06-18T03:27:31.914Z", "user": 2, "content_type": 16, "object_id": "380", "object_repr": "走一趟真的能够荡涤灵魂？ 电影人请你放过西藏景区", "action_flag": 3, "change_message": ""}}, {"model": "admin.logentry", "pk": 474, "fields": {"action_time": "2019-06-18T03:27:32.023Z", "user": 2, "content_type": 16, "object_id": "379", "object_repr": "独家解析：《流浪地球》的视觉特效能值多少票房？", "action_flag": 3, "change_message": ""}}, {"model": "admin.logentry", "pk": 475, "fields": {"action_time": "2019-06-18T03:27:32.134Z", "user": 2, "content_type": 16, "object_id": "378", "object_repr": "独家解析《阳台上》到底是不是一部“圈钱”的电影？", "action_flag": 3, "change_message": ""}}, {"model": "admin.logentry", "pk": 476, "fields": {"action_time": "2019-06-18T03:27:32.234Z", "user": 2, "content_type": 16, "object_id": "377", "object_repr": "数据造假现象肆虐 影视行业何时能“脱水”？", "action_flag": 3, "change_message": ""}}, {"model": "admin.logentry", "pk": 477, "fields": {"action_time": "2019-06-18T03:27:32.346Z", "user": 2, "content_type": 16, "object_id": "376", "object_repr": "教你手撕“冒牌”经纪团队 营造良性行业氛围", "action_flag": 3, "change_message": ""}}, {"model": "admin.logentry", "pk": 478, "fields": {"action_time": "2019-06-18T03:27:32.457Z", "user": 2, "content_type": 16, "object_id": "375", "object_repr": "《地久天长》没有热映却引来热议的原因在哪儿？", "action_flag": 3, "change_message": ""}}, {"model": "admin.logentry", "pk": 479, "fields": {"action_time": "2019-06-18T03:27:32.567Z", "user": 2, "content_type": 16, "object_id": "374", "object_repr": "《波西米亚狂想曲》大奖拿不停 却为何依旧争议颇多？", "action_flag": 3, "change_message": ""}}, {"model": "admin.logentry", "pk": 480, "fields": {"action_time": "2019-06-18T03:27:32.667Z", "user": 2, "content_type": 16, "object_id": "373", "object_repr": "中国银幕上映外片为何总有时差？解读批片市场“众生相”", "action_flag": 3, "change_message": ""}}, {"model": "admin.logentry", "pk": 481, "fields": {"action_time": "2019-06-18T03:27:32.779Z", "user": 2, "content_type": 16, "object_id": "372", "object_repr": "独家解析《小飞象》：当迪士尼童话遇到蒂姆·波顿", "action_flag": 3, "change_message": ""}}, {"model": "admin.logentry", "pk": 482, "fields": {"action_time": "2019-06-18T03:27:32.880Z", "user": 2, "content_type": 16, "object_id": "371", "object_repr": "映前解析《神探蒲松龄》 新鲜元素重塑经典助力团圆年", "action_flag": 3, "change_message": ""}}, {"model": "admin.logentry", "pk": 483, "fields": {"action_time": "2019-06-18T03:27:32.979Z", "user": 2, "content_type": 16, "object_id": "370", "object_repr": "2019新春电影年夜饭品鉴：繁花似锦 百花盛开", "action_flag": 3, "change_message": ""}}, {"model": "admin.logentry", "pk": 484, "fields": {"action_time": "2019-06-18T03:27:33.101Z", "user": 2, "content_type": 16, "object_id": "369", "object_repr": "《疯狂的外星人》映后解读 宁浩带您亲密接触外星人", "action_flag": 3, "change_message": ""}}, {"model": "admin.logentry", "pk": 485, "fields": {"action_time": "2019-06-18T03:27:33.201Z", "user": 2, "content_type": 16, "object_id": "368", "object_repr": "与韩寒一起开启飞驰之旅 解读《飞驰人生》何以驰骋春节档", "action_flag": 3, "change_message": ""}}, {"model": "admin.logentry", "pk": 486, "fields": {"action_time": "2019-06-18T03:27:33.301Z", "user": 2, "content_type": 16, "object_id": "367", "object_repr": "鄂靖文带您解析《新喜剧之王》 经典回归背后的意义和探索", "action_flag": 3, "change_message": ""}}, {"model": "admin.logentry", "pk": 487, "fields": {"action_time": "2019-06-18T03:27:33.412Z", "user": 2, "content_type": 16, "object_id": "366", "object_repr": "独家解析《流浪地球》中国表达带给科幻的独特情怀", "action_flag": 3, "change_message": ""}}, {"model": "admin.logentry", "pk": 488, "fields": {"action_time": "2019-06-18T03:27:33.523Z", "user": 2, "content_type": 16, "object_id": "365", "object_repr": "三探《神探蒲松龄》 电影顽童成龙重焕经典玩出古装新花样", "action_flag": 3, "change_message": ""}}, {"model": "admin.logentry", "pk": 489, "fields": {"action_time": "2019-06-18T03:27:33.634Z", "user": 2, "content_type": 16, "object_id": "364", "object_repr": "从中国功夫到世界先生 成龙如何得到了世界认可？", "action_flag": 3, "change_message": ""}}, {"model": "admin.logentry", "pk": 490, "fields": {"action_time": "2019-06-18T03:27:33.734Z", "user": 2, "content_type": 16, "object_id": "363", "object_repr": "《小猪佩奇过大年》解析 带您重新认识佩奇和它的家人们", "action_flag": 3, "change_message": ""}}, {"model": "admin.logentry", "pk": 491, "fields": {"action_time": "2019-06-18T03:27:33.835Z", "user": 2, "content_type": 16, "object_id": "362", "object_repr": "情人节观影指南：看这些电影是找糖吃还是找罪受？", "action_flag": 3, "change_message": ""}}, {"model": "admin.logentry", "pk": 492, "fields": {"action_time": "2019-06-18T03:27:33.945Z", "user": 2, "content_type": 16, "object_id": "361", "object_repr": "《飞驰人生》客观试驾 用真实的速度展现热血的故事", "action_flag": 3, "change_message": ""}}, {"model": "admin.logentry", "pk": 493, "fields": {"action_time": "2019-06-18T03:27:34.045Z", "user": 2, "content_type": 16, "object_id": "360", "object_repr": "短视频营销别“玩”过了 货不对板当心出现反作用", "action_flag": 3, "change_message": ""}}, {"model": "admin.logentry", "pk": 494, "fields": {"action_time": "2019-06-18T03:27:34.146Z", "user": 2, "content_type": 16, "object_id": "359", "object_repr": "透过春节档看中国科幻片如何在科技助力下高速腾飞？", "action_flag": 3, "change_message": ""}}, {"model": "admin.logentry", "pk": 495, "fields": {"action_time": "2019-06-18T03:27:34.259Z", "user": 2, "content_type": 16, "object_id": "358", "object_repr": "《阿丽塔：战斗天使》能否燃爆市场？ 女版孙悟空受期待", "action_flag": 3, "change_message": ""}}, {"model": "admin.logentry", "pk": 496, "fields": {"action_time": "2019-06-18T03:27:34.389Z", "user": 2, "content_type": 16, "object_id": "357", "object_repr": "《朝花夕誓》不只是二次元 突破局限才能不被埋没", "action_flag": 3, "change_message": ""}}, {"model": "admin.logentry", "pk": 497, "fields": {"action_time": "2019-06-18T03:27:34.597Z", "user": 2, "content_type": 16, "object_id": "356", "object_repr": "《流浪地球》过后 我们距离《三体》究竟有多远？", "action_flag": 3, "change_message": ""}}, {"model": "admin.logentry", "pk": 498, "fields": {"action_time": "2019-06-18T03:27:34.780Z", "user": 2, "content_type": 16, "object_id": "355", "object_repr": "《绿皮书》缘何打败《罗马》成为奥斯卡最后赢家？", "action_flag": 3, "change_message": ""}}, {"model": "admin.logentry", "pk": 499, "fields": {"action_time": "2019-06-18T03:27:34.878Z", "user": 2, "content_type": 16, "object_id": "354", "object_repr": "扶贫纪录片《三变山变》如何拉近与青年观众的距离？", "action_flag": 3, "change_message": ""}}, {"model": "admin.logentry", "pk": 500, "fields": {"action_time": "2019-06-18T03:27:34.989Z", "user": 2, "content_type": 16, "object_id": "353", "object_repr": "《惊奇队长》变“惊奇大妈”？ 这次漫威就是要给你不一样", "action_flag": 3, "change_message": ""}}, {"model": "admin.logentry", "pk": 501, "fields": {"action_time": "2019-06-18T03:27:35.125Z", "user": 2, "content_type": 16, "object_id": "352", "object_repr": "《驯龙高手3》：如何用他国文化为好莱坞“带货”？", "action_flag": 3, "change_message": ""}}, {"model": "admin.logentry", "pk": 502, "fields": {"action_time": "2019-06-18T03:27:35.223Z", "user": 2, "content_type": 16, "object_id": "351", "object_repr": "开启2019中国电影新篇章 期待在光影的高原上有多高峰挺立", "action_flag": 3, "change_message": ""}}, {"model": "admin.logentry", "pk": 503, "fields": {"action_time": "2019-06-18T03:27:35.334Z", "user": 2, "content_type": 16, "object_id": "350", "object_repr": "如果把生活比作电影 你会给2018年取一个什么片名呢？", "action_flag": 3, "change_message": ""}}, {"model": "admin.logentry", "pk": 504, "fields": {"action_time": "2019-06-18T03:27:35.456Z", "user": 2, "content_type": 16, "object_id": "349", "object_repr": "2019春节档喜剧电影仍占主力 科幻电影异军突起", "action_flag": 3, "change_message": ""}}, {"model": "admin.logentry", "pk": 505, "fields": {"action_time": "2019-06-18T03:27:35.557Z", "user": 2, "content_type": 16, "object_id": "348", "object_repr": "《大黄蜂》伴你同行 “改头换面”之后还你真童年", "action_flag": 3, "change_message": ""}}, {"model": "admin.logentry", "pk": 506, "fields": {"action_time": "2019-06-18T03:27:35.657Z", "user": 2, "content_type": 16, "object_id": "347", "object_repr": "2018中国电影年度调查报告 用数据洞悉中国电影市场发展", "action_flag": 3, "change_message": ""}}, {"model": "admin.logentry", "pk": 507, "fields": {"action_time": "2019-06-18T03:27:35.745Z", "user": 2, "content_type": 16, "object_id": "346", "object_repr": "《来电狂响》不止是电影 还有隐藏在手机中的啼笑人生", "action_flag": 3, "change_message": ""}}, {"model": "admin.logentry", "pk": 508, "fields": {"action_time": "2019-06-18T03:27:35.842Z", "user": 2, "content_type": 16, "object_id": "345", "object_repr": "《地球最后的夜晚》选错档期？ 好坏定论还需留给时间", "action_flag": 3, "change_message": ""}}, {"model": "admin.logentry", "pk": 509, "fields": {"action_time": "2019-06-18T03:27:35.967Z", "user": 2, "content_type": 16, "object_id": "344", "object_repr": "“葛大爷”的新尝试有点跑偏 小岳岳醉酒卖海豚莫名其妙", "action_flag": 3, "change_message": ""}}, {"model": "admin.logentry", "pk": 510, "fields": {"action_time": "2019-06-18T03:27:36.046Z", "user": 2, "content_type": 16, "object_id": "343", "object_repr": "《四个春天》用影像记录生活 让平凡日子开出花", "action_flag": 3, "change_message": ""}}, {"model": "admin.logentry", "pk": 511, "fields": {"action_time": "2019-06-18T03:27:36.146Z", "user": 2, "content_type": 16, "object_id": "342", "object_repr": "寒假档“动画电影大礼包”拆解：不再是孩子们的专利", "action_flag": 3, "change_message": ""}}, {"model": "admin.logentry", "pk": 512, "fields": {"action_time": "2019-06-18T03:27:36.257Z", "user": 2, "content_type": 16, "object_id": "341", "object_repr": "《奎迪：英雄再起》独家解析 走进电影史上的拳击传奇", "action_flag": 3, "change_message": ""}}, {"model": "admin.logentry", "pk": 513, "fields": {"action_time": "2019-06-18T03:27:36.346Z", "user": 2, "content_type": 16, "object_id": "340", "object_repr": "《中国推销员》李东学化身打不死的小强 用力过猛略显遗憾", "action_flag": 3, "change_message": ""}}, {"model": "admin.logentry", "pk": 514, "fields": {"action_time": "2019-06-18T03:27:36.446Z", "user": 2, "content_type": 16, "object_id": "339", "object_repr": "这里的警察不太冷！《“大”人物》打开警察形象新大门", "action_flag": 3, "change_message": ""}}, {"model": "admin.logentry", "pk": 515, "fields": {"action_time": "2019-06-18T03:27:36.547Z", "user": 2, "content_type": 16, "object_id": "338", "object_repr": "《白蛇：缘起》独家解析 畅聊白娘子和许仙的前世今生", "action_flag": 3, "change_message": ""}}, {"model": "admin.logentry", "pk": 516, "fields": {"action_time": "2019-06-18T03:27:36.657Z", "user": 2, "content_type": 16, "object_id": "337", "object_repr": "独家解析《养家之人》传递出怎样的人文关怀？", "action_flag": 3, "change_message": ""}}, {"model": "admin.logentry", "pk": 517, "fields": {"action_time": "2019-06-18T03:27:36.757Z", "user": 2, "content_type": 16, "object_id": "336", "object_repr": "《密室逃生》一起破解谜题 似曾相识却又新意满满", "action_flag": 3, "change_message": ""}}, {"model": "admin.logentry", "pk": 518, "fields": {"action_time": "2019-06-18T03:27:36.955Z", "user": 2, "content_type": 16, "object_id": "335", "object_repr": "《掠食城市》战斗场面值回票价 燃料不足还需加把火", "action_flag": 3, "change_message": ""}}, {"model": "admin.logentry", "pk": 519, "fields": {"action_time": "2019-06-18T03:27:37.056Z", "user": 2, "content_type": 16, "object_id": "334", "object_repr": "《战斗民族养成记》应景又应情 教如何“拜见岳父大人”", "action_flag": 3, "change_message": ""}}, {"model": "admin.logentry", "pk": 520, "fields": {"action_time": "2019-06-18T03:27:37.135Z", "user": 2, "content_type": 16, "object_id": "333", "object_repr": "《新喜剧之王》回归本心 “粗制滥造”的预告片是障眼法吗？", "action_flag": 3, "change_message": ""}}, {"model": "admin.logentry", "pk": 521, "fields": {"action_time": "2019-06-18T03:27:37.237Z", "user": 2, "content_type": 16, "object_id": "332", "object_repr": "“麦庄”重拳出击春节档 《廉政风云》能否另辟蹊径？", "action_flag": 3, "change_message": ""}}, {"model": "admin.logentry", "pk": 522, "fields": {"action_time": "2019-06-18T03:27:37.345Z", "user": 2, "content_type": 16, "object_id": "331", "object_repr": "《死侍2：我爱我家》为春节档暖场 “话痨”英雄魅力何在？", "action_flag": 3, "change_message": ""}}, {"model": "admin.logentry", "pk": 523, "fields": {"action_time": "2019-06-18T03:27:37.457Z", "user": 2, "content_type": 16, "object_id": "330", "object_repr": "映前解析《疯狂的外星人》 能否带来春节档的疯狂？", "action_flag": 3, "change_message": ""}}, {"model": "admin.logentry", "pk": 524, "fields": {"action_time": "2019-06-18T03:27:37.579Z", "user": 2, "content_type": 16, "object_id": "329", "object_repr": "映前解析《飞驰人生》 能否赢在“春节档”起跑线上？", "action_flag": 3, "change_message": ""}}, {"model": "admin.logentry", "pk": 525, "fields": {"action_time": "2019-06-18T03:27:37.689Z", "user": 2, "content_type": 16, "object_id": "328", "object_repr": "映前解析《流浪地球》 中国科幻电影最大的一次冒险", "action_flag": 3, "change_message": ""}}]